== official_run: up to 36 attempts, 240 min wall budget ==
-- live evaluate: organizers' service reachable — its verdicts outrank the replica for the accept decision (warm-up verdict: liner_only 0.7852)
-- loose target bbox stream live at startup: (251, 304, 567, 634)
-- scene shape check OK: target bbox 67x53 px (wide axis: barebone)
== official_run: attempt 1/36 ==
!! id capture: ids not inferable (scene not in a clean start configuration?)
!! attempt start: scene is not in a clean start configuration — resetting before spending the attempt
-- semantic ids locked: {'thermalpad': 2, 'target': 4, 'liner': 5}
  plate LOCKED (id 4, 709px): (0.8025,-0.0028) yaw +0.00 deg
strip at rest: x 0.7457..0.8511 (105.4) y -0.3103..-0.2898 (20.4) z 0.0834..0.1017
  liner-up confirmed on the pedestal (cyan 786px)
-x overhang 13.9 mm, ends at z=0.0917; clamp exit x=0.7576, pad centre x=0.7441, bite 11.9 mm
  base parked at (-0.0194,+0.0002) yaw=+0.000, err 0.7 mm (locked)
  [arm base [ 0.4226 -0.0498  0.5009]]
  .. over: no longer improving at 1.7 mm; moving on
  over      pad=(0.7441,-0.2050,0.2500) miss=  1.7mm d=(-1.1,+0.5,-1.2) q_err=0.005(j2) ik=0mm corr=(+1,+2,+2) base=(0.422,-0.044,0.501) | x 0.7457..0.8511 (105.4) y -0.3103..-0.2898 (20.4) z 0.0834..0.1017
            base_link=(-0.0204,+0.0022,-0.0000) yaw=+0.00832  spine=0.0
  align     pad=(0.7441,-0.2050,0.1240) miss=  1.1mm d=(+0.6,+0.4,+0.8) q_err=0.007(j1) ik=0mm corr=(+2,+2,+3) base=(0.421,-0.045,0.501) | x 0.7457..0.8511 (105.4) y -0.3103..-0.2898 (20.4) z 0.0834..0.1017
            base_link=(-0.0210,+0.0017,-0.0000) yaw=+0.00837  spine=0.0
  .. insert: no longer improving at 3.5 mm; moving on
  insert    pad=(0.7441,-0.3000,0.1240) miss=  3.5mm d=(-3.5,-0.4,-0.4) q_err=0.008(j7) ik=0mm corr=(+3,+2,+1) base=(0.419,-0.046,0.501) | x 0.7457..0.8495 (103.8) y -0.3177..-0.2897 (28.0) z 0.0831..0.1026
            base_link=(-0.0237,-0.0001,-0.0000) yaw=+0.00852  spine=0.0
  .. insert overshot x by -3.5 mm; backing out and re-approaching with the aim biased
  insert-out pad=(0.7441,-0.2050,0.1240) miss=  1.3mm d=(+0.1,-1.3,+0.2) q_err=0.010(j4) ik=0mm corr=(+2,-0,+3) base=(0.419,-0.046,0.501) | x 0.7455..0.8488 (103.3) y -0.3177..-0.2897 (28.0) z 0.0829..0.1029
            base_link=(-0.0236,-0.0001,-0.0000) yaw=+0.00844  spine=0.0
  .. insert: no longer improving at 3.6 mm; moving on
  insert    pad=(0.7441,-0.3000,0.1240) miss=  3.6mm d=(-3.4,-1.0,+0.2) q_err=0.007(j7) ik=0mm corr=(+3,+2,+1) base=(0.416,-0.048,0.501) | x 0.7443..0.8483 (104.0) y -0.3195..-0.2887 (30.8) z 0.0823..0.1032
            base_link=(-0.0265,-0.0022,-0.0000) yaw=+0.00851  spine=0.0
  .. insert stalled at -3.4 mm x after the biased retry — inside the post-retry gate (3.8 mm); closing on the deeper bite
  scoop     pad=(0.7441,-0.3000,0.1470) miss=  0.2mm d=(-0.1,-0.1,+0.1) q_err=0.008(j4) ik=0mm corr=(+2,+2,-0) base=(0.416,-0.049,0.501) | x 0.7413..0.8516 (110.4) y -0.3170..-0.2883 (28.7) z 0.0854..0.1041
            base_link=(-0.0266,-0.0023,-0.0000) yaw=+0.00855  spine=0.0
  close     pad=(0.7441,-0.3000,0.1470) miss=  0.6mm d=(-0.2,-0.2,+0.5) q_err=0.007(j4) ik=0mm corr=(+2,+2,-0) base=(0.416,-0.049,0.501) | x 0.7413..0.8516 (110.4) y -0.3170..-0.2883 (28.7) z 0.0854..0.1041
            base_link=(-0.0266,-0.0022,-0.0000) yaw=+0.00851  spine=0.0
  lift      pad=(0.7441,-0.3000,0.2300) miss=  0.6mm d=(+0.2,-0.4,-0.5) q_err=0.003(j3) ik=0mm corr=(+1,-2,+0) base=(0.414,-0.050,0.501) | x 0.7433..0.7590 ( 15.7) y -0.3161..-0.2918 (24.3) z 0.1160..0.2308
            base_link=(-0.0281,-0.0034,-0.0000) yaw=+0.00834  spine=0.0
  grip CONFIRMED: strip rose to z 0.1160..0.2308 (hang 114.5 mm, so the live bite is 5.5 mm)
  .. reconf: no longer improving at 2.6 mm; moving on
  reconf    pad=(0.7441,-0.3000,0.2800) miss=  2.6mm d=(-0.9,-2.2,-1.0) q_err=0.006(j1) ik=0mm corr=(+1,+3,+4) base=(0.414,-0.050,0.501) | x 0.7445..0.7601 ( 15.6) y -0.3120..-0.2882 (23.9) z 0.1674..0.2822
            base_link=(-0.0278,-0.0032,-0.0000) yaw=+0.00831  spine=0.0
  mirror: skipping the reconfiguration (placing at the grip yaw)
  .. flip: no longer improving at 2.7 mm; moving on
  flip      pad=(0.7441,-0.3000,0.2800) miss=  2.7mm d=(-0.4,-1.8,-2.0) q_err=0.006(j4) ik=0mm corr=(-0,-1,+2) base=(0.414,-0.050,0.501) | x 0.7441..0.7598 ( 15.7) y -0.3125..-0.2887 (23.8) z 0.1683..0.2830
            base_link=(-0.0279,-0.0032,-0.0000) yaw=+0.00837  spine=0.0
  hanging length measured 113.9 mm (clamp z=0.2802); arc radius 111.9 mm
  preride   pad=(0.7441,-0.3000,0.3450) miss=  1.4mm d=(+0.2,+0.5,-1.3) q_err=0.011(j4) ik=0mm corr=(+1,+2,-1) base=(0.414,-0.050,0.501) | x 0.7434..0.7590 ( 15.6) y -0.3138..-0.2904 (23.4) z 0.2320..0.3467
            base_link=(-0.0279,-0.0032,-0.0000) yaw=+0.00833  spine=0.0
  advancing the base to (+0.100,+0.320) for the place reach
  [base_goto A 0.18s: (-0.028,-0.003) -> (-0.027,+0.002) yaw=+0.004]
  [base_goto A 0.18s: (-0.027,+0.002) -> (-0.027,+0.019) yaw=+0.004]
  [base_goto A 0.18s: (-0.027,+0.019) -> (-0.027,+0.043) yaw=+0.004]
  [base_goto A 0.18s: (-0.027,+0.043) -> (-0.027,+0.118) yaw=+0.004]
  base parked at (-0.0270,+0.1184) yaw=+0.004, err 11.9 mm (locked)
  [base_goto A 0.18s: (-0.027,+0.120) -> (-0.027,+0.127) yaw=+0.003]
  [base_goto A 0.18s: (-0.027,+0.127) -> (-0.024,+0.260) yaw=+0.002]
  base parked at (-0.0240,+0.2603) yaw=+0.002, err 5.8 mm (locked)
  [base_goto FWD 0.18s: (-0.024,+0.262) -> (-0.004,+0.290) yaw=+0.006]
  [base_goto FWD 0.18s: (-0.004,+0.290) -> (+0.046,+0.292) yaw=+0.006]
  [base_goto FWD 0.18s: (+0.046,+0.292) -> (+0.125,+0.294) yaw=+0.007]
  [base_goto A 0.15s: (+0.125,+0.294) -> (+0.141,+0.318) yaw=+0.015]
  [base_goto BACK 0.16s: (+0.141,+0.318) -> (+0.138,+0.321) yaw=+0.021]
  [base_goto BACK 0.15s: (+0.138,+0.321) -> (+0.109,+0.320) yaw=+0.023]
  base parked at (+0.1087,+0.3201) yaw=+0.023, err 8.7 mm (locked)
  base parked at (+0.1093,+0.3201) yaw=+0.023, err 9.3 mm (locked)
  [arm base [0.5579 0.2819 0.5008]]
  streaming origin reset to the ridden tool position (0.892,+0.037,0.342)
  drape v-offset +11.6 mm; shifting the clamp aim to v=-0.0116
  laid length 120.0 mm (arc radius 111.9, measured bite 11.9); anchor u=+0.0560 world (0.8585,-0.0028) yaw +0.0 deg
  carry     pad=(0.8450,-0.0144,0.2300) miss=  1.1mm d=(+0.6,+0.8,+0.6) q_err=0.008(j1) ik=0mm corr=(+1,+1,+4) base=(0.558,0.282,0.501) | x 0.8501..0.8625 ( 12.4) y -0.0171..0.0107 (27.7) z 0.1122..0.2338
            base_link=(+0.1151,+0.3214,-0.0000) yaw=+0.02389  spine=0.0
  base parked at (+0.1151,+0.3214) yaw=+0.024, err 15.2 mm (locked)
  [arm base [0.5583 0.2851 0.5008]]
  anchor    glide-converged miss=  6.6mm d=(+2.1,+4.2,-4.7) base_link=(+0.1143,+0.3200) yaw=+0.031 | x 0.8447..0.8600 ( 15.3) y -0.0205..0.0107 (31.2) z 0.0012..0.1134
  anchored: free end (u+0.0578,v+0.0035) from 392 board points, want (u+0.0560,v+0.0000) -> miss (-1.8,-3.5) mm
  arc80     glide-converged miss=  3.7mm d=(-1.9,+2.0,+2.5) base_link=(+0.1140,+0.3197) yaw=+0.031 | x 0.8326..0.8598 ( 27.2) y -0.0175..0.0107 (28.1) z 0.0014..0.1125
  arc70     glide-converged miss=  2.7mm d=(-2.6,+0.5,+0.6) base_link=(+0.1142,+0.3200) yaw=+0.031 | x 0.8144..0.8585 ( 44.2) y -0.0164..0.0110 (27.4) z 0.0016..0.1087
  arc60     glide-converged miss=  1.8mm d=(-1.6,+0.8,+0.3) base_link=(+0.1141,+0.3198) yaw=+0.031 | x 0.7963..0.8578 ( 61.5) y -0.0165..0.0112 (27.8) z 0.0025..0.1006
  arc50     glide-converged miss=  2.6mm d=(-2.4,+0.7,-0.7) base_link=(+0.1142,+0.3199) yaw=+0.031 | x 0.7805..0.8567 ( 76.3) y -0.0162..0.0111 (27.3) z 0.0025..0.0897
  arc40     glide-converged miss=  1.9mm d=(-1.5,+0.7,-0.9) base_link=(+0.1142,+0.3199) yaw=+0.031 | x 0.7666..0.8555 ( 88.9) y -0.0162..0.0112 (27.4) z 0.0025..0.0764
  arc32     glide-converged miss=  3.6mm d=(-2.1,+0.2,-2.9) base_link=(+0.1143,+0.3200) yaw=+0.032 | x 0.7590..0.8542 ( 95.2) y -0.0152..0.0113 (26.5) z 0.0024..0.0665
  arc release point (30 deg) reached; dropping the rest from here
  tray-lay: part-opened at z=0.060; paying the tail out | x 0.7598..0.8539 ( 94.1) y -0.0134..0.0114 (24.8) z 0.0018..0.0656
  tray-lay: ramped to (x 0.7261, z 0.037) | x 0.7601..0.8539 ( 93.8) y -0.0133..0.0115 (24.8) z 0.0018..0.0656
  released in place | x 0.7328..0.8531 (120.3) y -0.0098..0.0178 (27.5) z 0.0012..0.0039
  slid off the strip end | x 0.7328..0.8531 (120.3) y -0.0098..0.0178 (27.6) z 0.0012..0.0038
  slow shed to z=0.067 | x 0.7328..0.8531 (120.3) y -0.0098..0.0178 (27.6) z 0.0012..0.0038
  slow shed to z=0.097 | x 0.7299..0.8505 (120.6) y -0.0114..0.0175 (28.9) z 0.0012..0.0042
  jaws full-open at z=0.097 (slot un-threaded) | x 0.7291..0.8492 (120.1) y -0.0120..0.0184 (30.3) z 0.0012..0.0040
  sidestep tow-gate: pad centroid moved 20 mm after +16 mm; stopping the sidestep here
  sidestep +16 mm toward the base at z=0.097 (TOWED 20 mm!) | x 0.7244..0.8416 (117.2) y -0.0052..0.0506 (55.8) z 0.0002..0.0078
  !! guard climb TOWED the strip 45 mm; lowering back and re-climbing ultra-slow
  re-climb done | x 0.7496..0.8446 ( 95.0) y 0.0240..0.1252 (101.2) z -0.0001..0.0038
  guard climb to z=0.157 | x 0.7503..0.8451 ( 94.8) y 0.0238..0.1258 (102.0) z 0.0000..0.0038
  guard climb to z=0.187 | x 0.7503..0.8452 ( 94.9) y 0.0238..0.1258 (102.0) z -0.0000..0.0038
  guard climb to z=0.217 | x 0.7503..0.8452 ( 94.9) y 0.0238..0.1258 (102.0) z -0.0000..0.0038
  lifted straight to z=0.230 | x 0.7503..0.8452 ( 94.9) y 0.0238..0.1258 (102.0) z -0.0000..0.0038

final strip: x 0.7503..0.8452 ( 94.9) y 0.0238..0.1258 (102.0) z -0.0000..0.0038
target AABB x 0.7425..0.8625, y -0.0128..+0.0072 (yaw +0.0 deg)
final target AABB px (578.3,312.6,653.3,325.4)
crude bbox IoU estimate 0.000
-- live loose target bbox (247, 315, 584, 636) outranks the chain's tracked (313, 325, 578, 653) (plate moved post-track)
-- attempt 1: official evaluate both_thermalpad_dominant, raw IoU 0.6464
-- ladder horizon: 26 attempts (wall budget binds before the 36-attempt cap)
== official_run: attempt 2/36 ==
-- semantic ids locked: {'thermalpad': 2, 'target': 4, 'liner': 5}
  plate LOCKED (id 4, 709px): (0.8025,-0.0028) yaw +0.00 deg
strip at rest: x 0.7457..0.8510 (105.3) y -0.3103..-0.2899 (20.4) z 0.0834..0.1017
  liner-up confirmed on the pedestal (cyan 790px)
-x overhang 13.9 mm, ends at z=0.0917; clamp exit x=0.7575, pad centre x=0.7440, bite 11.9 mm
  base parked at (-0.0210,+0.0002) yaw=+0.001, err 1.0 mm (locked)
  [arm base [ 0.421  -0.0496  0.5009]]
  over      pad=(0.7440,-0.2050,0.2500) miss=  1.0mm d=(-0.2,+0.1,-1.0) q_err=0.003(j7) ik=0mm corr=(-0,+1,+2) base=(0.417,-0.053,0.501) | x 0.7457..0.8510 (105.3) y -0.3103..-0.2899 (20.4) z 0.0834..0.1017
            base_link=(-0.0252,-0.0016,-0.0000) yaw=-0.00309  spine=0.0
  align     pad=(0.7440,-0.2050,0.1240) miss=  1.0mm d=(+0.4,+0.1,+0.9) q_err=0.008(j1) ik=0mm corr=(+2,+2,+3) base=(0.416,-0.053,0.501) | x 0.7457..0.8510 (105.3) y -0.3103..-0.2899 (20.4) z 0.0834..0.1017
            base_link=(-0.0255,-0.0018,-0.0000) yaw=-0.00312  spine=0.0
  .. insert: no longer improving at 2.5 mm; moving on
  insert    pad=(0.7440,-0.3000,0.1240) miss=  2.5mm d=(-2.3,-0.8,+0.4) q_err=0.004(j6) ik=0mm corr=(+3,+3,+1) base=(0.415,-0.054,0.501) | x 0.7445..0.8491 (104.7) y -0.3178..-0.2897 (28.1) z 0.0830..0.1028
            base_link=(-0.0268,-0.0027,-0.0000) yaw=-0.00314  spine=0.0
  scoop     pad=(0.7440,-0.3000,0.1470) miss=  1.4mm d=(-0.0,-0.0,-1.4) q_err=0.008(j4) ik=0mm corr=(+2,+2,+1) base=(0.415,-0.054,0.501) | x 0.7487..0.8521 (103.4) y -0.3156..-0.2895 (26.1) z 0.0877..0.1176
            base_link=(-0.0267,-0.0027,-0.0000) yaw=-0.00315  spine=0.0
  close     pad=(0.7440,-0.3000,0.1470) miss=  0.7mm d=(-0.2,-0.1,-0.7) q_err=0.005(j4) ik=0mm corr=(+2,+2,+1) base=(0.415,-0.054,0.501) | x 0.7453..0.8520 (106.7) y -0.3155..-0.2894 (26.1) z 0.0877..0.1152
            base_link=(-0.0266,-0.0026,-0.0000) yaw=-0.00313  spine=0.0
  lift      pad=(0.7440,-0.3000,0.2300) miss=  0.9mm d=(-0.7,-0.5,-0.3) q_err=0.005(j3) ik=0mm corr=(-0,-3,-0) base=(0.417,-0.053,0.501) | x 0.7438..0.7606 ( 16.9) y -0.3146..-0.2906 (24.0) z 0.1161..0.2309
            base_link=(-0.0251,-0.0015,-0.0000) yaw=-0.00306  spine=0.0
  grip CONFIRMED: strip rose to z 0.1161..0.2309 (hang 114.2 mm, so the live bite is 5.8 mm)
  reconf    pad=(0.7440,-0.3000,0.2800) miss=  1.3mm d=(+0.9,+0.6,-0.8) q_err=0.009(j4) ik=0mm corr=(+0,+1,-1) base=(0.416,-0.053,0.501) | x 0.7424..0.7595 ( 17.1) y -0.3142..-0.2897 (24.4) z 0.1665..0.2809
            base_link=(-0.0254,-0.0017,-0.0000) yaw=-0.00310  spine=0.0
  mirror: skipping the reconfiguration (placing at the grip yaw)
  flip      pad=(0.7440,-0.3000,0.2800) miss=  1.4mm d=(+1.1,+0.8,-0.1) q_err=0.008(j4) ik=0mm corr=(+0,+1,-1) base=(0.416,-0.053,0.501) | x 0.7422..0.7578 ( 15.6) y -0.3142..-0.2909 (23.4) z 0.1657..0.2804
            base_link=(-0.0255,-0.0018,-0.0000) yaw=-0.00314  spine=0.0
  hanging length measured 113.7 mm (clamp z=0.2769); arc radius 111.7 mm
  preride   pad=(0.7440,-0.3000,0.3450) miss=  0.7mm d=(-0.1,+0.0,-0.7) q_err=0.006(j2) ik=0mm corr=(+1,+2,-1) base=(0.416,-0.053,0.501) | x 0.7437..0.7596 ( 15.9) y -0.3122..-0.2884 (23.8) z 0.2316..0.3464
            base_link=(-0.0254,-0.0017,-0.0000) yaw=-0.00310  spine=0.0
  advancing the base to (+0.100,+0.320) for the place reach
  [base_goto A 0.18s: (-0.025,-0.002) -> (-0.025,+0.003) yaw=-0.006]
  [base_goto A 0.18s: (-0.025,+0.003) -> (-0.025,+0.013) yaw=-0.006]
  [base_goto A 0.18s: (-0.025,+0.013) -> (-0.025,+0.047) yaw=-0.005]
  [base_goto A 0.18s: (-0.025,+0.047) -> (-0.024,+0.124) yaw=-0.005]
  base parked at (-0.0240,+0.1262) yaw=-0.005, err 5.4 mm (locked)
  [base_goto A 0.18s: (-0.024,+0.127) -> (-0.018,+0.201) yaw=-0.003]
  [base_goto A 0.18s: (-0.018,+0.201) -> (-0.017,+0.293) yaw=-0.003]
  [base_goto B 0.15s: (-0.017,+0.293) -> (-0.017,+0.307) yaw=-0.004]
  [base_goto B 0.09s: (-0.017,+0.307) -> (-0.017,+0.227) yaw=-0.003]
  [base_goto A 0.09s: (-0.017,+0.227) -> (-0.017,+0.228) yaw=-0.004]
  [base_goto A 0.11s: (-0.017,+0.228) -> (-0.017,+0.277) yaw=-0.004]
  base parked at (-0.0168,+0.2769) yaw=-0.004, err 21.1 mm (locked)
  [base_goto FWD 0.18s: (-0.017,+0.279) -> (-0.005,+0.287) yaw=+0.001]
  [base_goto FWD 0.18s: (-0.005,+0.287) -> (+0.034,+0.289) yaw=+0.002]
  [base_goto FWD 0.18s: (+0.034,+0.289) -> (+0.112,+0.290) yaw=+0.003]
  [base_goto A 0.13s: (+0.112,+0.290) -> (+0.126,+0.304) yaw=+0.006]
  [base_goto BACK 0.12s: (+0.126,+0.304) -> (+0.125,+0.305) yaw=+0.008]
  [base_goto BACK 0.12s: (+0.125,+0.305) -> (+0.114,+0.305) yaw=+0.013]
  base parked at (+0.1144,+0.3045) yaw=+0.013, err 21.1 mm (locked)
  [base_goto A 0.08s: (+0.114,+0.304) -> (+0.109,+0.306) yaw=+0.016]
  base parked at (+0.1086,+0.3064) yaw=+0.016, err 16.1 mm (locked)
  [arm base [0.55   0.2617 0.5009]]
  streaming origin reset to the ridden tool position (0.883,+0.023,0.343)
  drape v-offset +16.7 mm; shifting the clamp aim to v=-0.0167
  laid length 120.0 mm (arc radius 111.7, measured bite 11.9); anchor u=+0.0560 world (0.8585,-0.0028) yaw +0.0 deg
  carry     pad=(0.8450,-0.0195,0.2300) miss=  1.3mm d=(-0.5,-1.0,+0.8) q_err=0.012(j4) ik=0mm corr=(+2,+2,+5) base=(0.550,0.263,0.501) | x 0.8521..0.8625 ( 10.5) y -0.0154..0.0114 (26.8) z 0.1102..0.2330
            base_link=(+0.1074,+0.3032,+0.0000) yaw=+0.02186  spine=2e-05
  base parked at (+0.1074,+0.3032) yaw=+0.022, err 18.3 mm (locked)
  [arm base [0.5504 0.2659 0.5009]]
  anchor    glide-converged miss=  3.5mm d=(-0.7,-1.7,-2.9) base_link=(+0.1080,+0.3045) yaw=+0.034 | x 0.8482..0.8627 ( 14.5) y -0.0142..0.0169 (31.1) z 0.0014..0.1131
  anchored: free end (u+0.0601,v+0.0097) from 402 board points, want (u+0.0560,v+0.0000) -> miss (-4.1,-9.7) mm
  .. anchor lateral miss -9.7 mm trips the 4 mm gate with retries left; peeling and re-landing instead of burning the draw
  retrying the touchdown from clamp (u+0.0380,v-0.0225)
  relift0   pad=(0.8405,-0.0253,0.2300) miss=  1.4mm d=(+0.0,-0.1,-1.4) q_err=0.008(j4) ik=0mm corr=(+1,+2,-0) base=(0.551,0.269,0.501) | x 0.8492..0.8585 (  9.3) y -0.0203..0.0106 (31.0) z 0.1112..0.2348
            base_link=(+0.1080,+0.3043,+0.0000) yaw=+0.03406  spine=1e-05
  base parked at (+0.1080,+0.3043) yaw=+0.034, err 17.6 mm (locked)
  [arm base [0.5515 0.2728 0.5009]]
  anchor1   glide-converged miss=  2.1mm d=(+0.9,-0.0,+1.9) base_link=(+0.1088,+0.3061) yaw=+0.052 | x 0.8447..0.8620 ( 17.4) y -0.0183..0.0212 (39.5) z 0.0016..0.1110
  anchored: free end (u+0.0597,v+0.0141) from 398 board points, want (u+0.0560,v+0.0000) -> miss (-3.7,-14.1) mm
  .. anchor lateral miss -14.1 mm trips the 4 mm gate with retries left; peeling and re-landing instead of burning the draw
  retrying the touchdown from clamp (u+0.0358,v-0.0310)
  relift1   pad=(0.8383,-0.0338,0.2300) miss=  1.0mm d=(+0.3,+0.5,-0.8) q_err=0.010(j4) ik=0mm corr=(+1,+2,-1) base=(0.553,0.278,0.501) | x 0.8462..0.8556 (  9.4) y -0.0250..0.0019 (26.8) z 0.1113..0.2345
            base_link=(+0.1086,+0.3058,+0.0000) yaw=+0.05119  spine=1e-05
  base parked at (+0.1080,+0.3048) yaw=+0.016, err 16.9 mm (locked)
  [arm base [0.5486 0.2595 0.5009]]
  anchor2   glide-converged miss=  2.8mm d=(+1.7,+2.1,+0.8) base_link=(+0.1060,+0.3016) yaw=+0.014 | x 0.8454..0.8687 ( 23.3) y -0.0332..-0.0050 (28.1) z 0.0009..0.1120
  anchored: free end (u+0.0629,v-0.0173) from 402 board points, want (u+0.0560,v+0.0000) -> miss (-6.9,+17.3) mm
  !! anchor lateral miss +17.3 mm exceeds the 4 mm gate - the lay would run diagonal; aborting for a fresh draw
  parking before exit
-- attempt 2: chain aborted (fail-closed, arms parked)
-- ladder horizon: 27 attempts (wall budget binds before the 36-attempt cap)
== official_run: attempt 3/36 ==
-- semantic ids locked: {'thermalpad': 2, 'target': 4, 'liner': 5}
  plate LOCKED (id 4, 709px): (0.8025,-0.0028) yaw +0.00 deg
strip at rest: x 0.7457..0.8511 (105.4) y -0.3102..-0.2898 (20.5) z 0.0834..0.1017
  liner-up confirmed on the pedestal (cyan 785px)
-x overhang 13.9 mm, ends at z=0.0917; clamp exit x=0.7576, pad centre x=0.7441, bite 11.9 mm
  base parked at (-0.0210,+0.0001) yaw=+0.000, err 1.0 mm (locked)
  [arm base [ 0.4209 -0.0498  0.5009]]
  over      pad=(0.7441,-0.2050,0.2500) miss=  1.5mm d=(-0.9,-0.6,-1.0) q_err=0.006(j4) ik=0mm corr=(-0,+0,+2) base=(0.416,-0.055,0.501) | x 0.7457..0.8511 (105.4) y -0.3102..-0.2898 (20.5) z 0.0834..0.1017
            base_link=(-0.0260,-0.0030,-0.0000) yaw=-0.00446  spine=0.0
  align     pad=(0.7441,-0.2050,0.1240) miss=  1.5mm d=(+0.7,+0.2,+1.3) q_err=0.008(j1) ik=0mm corr=(+2,+2,+3) base=(0.415,-0.055,0.501) | x 0.7457..0.8511 (105.4) y -0.3102..-0.2898 (20.5) z 0.0834..0.1017
            base_link=(-0.0263,-0.0032,-0.0000) yaw=-0.00444  spine=0.0
  .. insert: no longer improving at 2.6 mm; moving on
  insert    pad=(0.7441,-0.3000,0.1240) miss=  2.6mm d=(-2.6,+0.3,+0.2) q_err=0.004(j6) ik=0mm corr=(+3,+2,+1) base=(0.414,-0.056,0.501) | x 0.7443..0.8492 (104.9) y -0.3171..-0.2897 (27.4) z 0.0830..0.1027
            base_link=(-0.0278,-0.0042,-0.0000) yaw=-0.00432  spine=0.0
  scoop     pad=(0.7441,-0.3000,0.1470) miss=  0.5mm d=(-0.2,-0.2,-0.4) q_err=0.009(j4) ik=0mm corr=(+2,+2,-0) base=(0.414,-0.056,0.501) | x 0.7546..0.8521 ( 97.5) y -0.3148..-0.2898 (25.0) z 0.0882..0.1188
            base_link=(-0.0274,-0.0040,-0.0000) yaw=-0.00433  spine=0.0
  close     pad=(0.7441,-0.3000,0.1470) miss=  0.4mm d=(-0.3,-0.2,-0.2) q_err=0.008(j4) ik=0mm corr=(+2,+2,-0) base=(0.414,-0.056,0.501) | x 0.7514..0.8521 (100.7) y -0.3148..-0.2898 (25.1) z 0.0882..0.1180
            base_link=(-0.0274,-0.0040,-0.0000) yaw=-0.00431  spine=0.0
  lift      pad=(0.7441,-0.3000,0.2300) miss=  0.6mm d=(+0.5,+0.2,-0.2) q_err=0.003(j3) ik=0mm corr=(+1,-2,+0) base=(0.414,-0.056,0.501) | x 0.7416..0.7583 ( 16.7) y -0.3137..-0.2934 (20.3) z 0.1181..0.2309
            base_link=(-0.0277,-0.0042,-0.0000) yaw=-0.00436  spine=0.0
  grip CONFIRMED: strip rose to z 0.1181..0.2309 (hang 112.1 mm, so the live bite is 7.9 mm)
  reconf    pad=(0.7441,-0.3000,0.2800) miss=  1.3mm d=(+0.5,+0.8,-0.8) q_err=0.011(j4) ik=0mm corr=(+2,+2,-1) base=(0.414,-0.056,0.501) | x 0.7419..0.7582 ( 16.3) y -0.3133..-0.2919 (21.4) z 0.1686..0.2811
            base_link=(-0.0275,-0.0040,-0.0000) yaw=-0.00435  spine=0.0
  mirror: skipping the reconfiguration (placing at the grip yaw)
  flip      pad=(0.7441,-0.3000,0.2800) miss=  1.2mm d=(+0.5,+0.8,-0.7) q_err=0.011(j4) ik=0mm corr=(+2,+2,-1) base=(0.414,-0.056,0.501) | x 0.7419..0.7582 ( 16.3) y -0.3133..-0.2919 (21.4) z 0.1686..0.2811
            base_link=(-0.0275,-0.0040,-0.0000) yaw=-0.00436  spine=0.0
  hanging length measured 111.8 mm (clamp z=0.2774); arc radius 109.8 mm
  preride   pad=(0.7441,-0.3000,0.3450) miss=  1.0mm d=(+0.2,+0.3,-1.0) q_err=0.004(j1) ik=0mm corr=(+1,+2,+0) base=(0.414,-0.056,0.501) | x 0.7421..0.7587 ( 16.6) y -0.3115..-0.2900 (21.5) z 0.2328..0.3459
            base_link=(-0.0275,-0.0040,-0.0000) yaw=-0.00431  spine=0.0
  advancing the base to (+0.100,+0.320) for the place reach
  [base_goto A 0.18s: (-0.028,-0.004) -> (-0.027,-0.000) yaw=-0.008]
  [base_goto A 0.18s: (-0.027,-0.000) -> (-0.027,+0.009) yaw=-0.009]
  [base_goto A 0.18s: (-0.027,+0.009) -> (-0.026,+0.044) yaw=-0.008]
  [base_goto A 0.18s: (-0.026,+0.044) -> (-0.025,+0.119) yaw=-0.009]
  base parked at (-0.0254,+0.1186) yaw=-0.009, err 10.8 mm (locked)
  [base_goto A 0.18s: (-0.025,+0.120) -> (-0.026,+0.130) yaw=-0.009]
  [base_goto A 0.18s: (-0.026,+0.130) -> (-0.022,+0.261) yaw=-0.009]
  base parked at (-0.0220,+0.2608) yaw=-0.009, err 5.2 mm (locked)
  [base_goto FWD 0.18s: (-0.022,+0.267) -> (-0.007,+0.293) yaw=+0.006]
  [base_goto FWD 0.18s: (-0.007,+0.293) -> (+0.021,+0.294) yaw=+0.007]
  [base_goto FWD 0.18s: (+0.021,+0.294) -> (+0.095,+0.295) yaw=+0.007]
  [base_goto A 0.10s: (+0.095,+0.295) -> (+0.102,+0.295) yaw=+0.007]
  [base_goto A 0.10s: (+0.102,+0.295) -> (+0.109,+0.313) yaw=+0.021]
  base parked at (+0.1087,+0.3138) yaw=+0.021, err 10.9 mm (locked)
  base parked at (+0.1089,+0.3144) yaw=+0.021, err 10.5 mm (locked)
  [arm base [0.5523 0.2797 0.5009]]
  streaming origin reset to the ridden tool position (0.891,+0.049,0.344)
  drape v-offset +14.3 mm; shifting the clamp aim to v=-0.0143
  laid length 120.0 mm (arc radius 109.8, measured bite 11.9); anchor u=+0.0560 world (0.8585,-0.0028) yaw +0.0 deg
  carry     pad=(0.8450,-0.0171,0.2300) miss=  4.0mm d=(-1.0,-3.2,+2.2) q_err=0.010(j4) ik=0mm corr=(+1,+2,+2) base=(0.550,0.269,0.501) | x 0.8471..0.8629 ( 15.7) y -0.0112..0.0116 (22.8) z 0.1141..0.2300
            base_link=(+0.1071,+0.3117,+0.0000) yaw=+0.01828  spine=1e-05
  base parked at (+0.1071,+0.3117) yaw=+0.018, err 10.9 mm (locked)
  [arm base [0.55   0.2726 0.5009]]
  anchor    glide-converged miss=  3.2mm d=(+2.0,+2.2,+1.2) base_link=(+0.1057,+0.3094) yaw=+0.020 | x 0.8394..0.8581 ( 18.7) y -0.0190..0.0101 (29.1) z 0.0018..0.1092
  anchored: free end (u+0.0556,v-0.0058) from 392 board points, want (u+0.0560,v+0.0000) -> miss (+0.4,+5.8) mm
  .. anchor lateral miss +5.8 mm trips the 4 mm gate with retries left; peeling and re-landing instead of burning the draw
  retrying the touchdown from clamp (u+0.0407,v-0.0108)
  relift0   pad=(0.8432,-0.0136,0.2300) miss=  1.3mm d=(+0.6,+0.7,-0.9) q_err=0.009(j4) ik=0mm corr=(+1,+1,-1) base=(0.549,0.268,0.501) | x 0.8480..0.8602 ( 12.2) y -0.0042..0.0176 (21.8) z 0.1121..0.2341
            base_link=(+0.1057,+0.3094,+0.0000) yaw=+0.02020  spine=1e-05
  base parked at (+0.1057,+0.3094) yaw=+0.020, err 12.0 mm (locked)
  [arm base [0.5486 0.272  0.5009]]
  anchor1   glide-converged miss=  3.6mm d=(+2.3,+2.6,+1.1) base_link=(+0.1042,+0.3070) yaw=+0.018 | x 0.8393..0.8586 ( 19.3) y -0.0144..0.0175 (31.9) z 0.0017..0.1100
  anchored: free end (u+0.0556,v+0.0001) from 370 board points, want (u+0.0560,v+0.0000) -> miss (+0.4,-0.1) mm
  arc80     glide-converged miss=  2.8mm d=(-1.6,+0.6,+2.2) base_link=(+0.1042,+0.3070) yaw=+0.018 | x 0.8340..0.8580 ( 23.9) y -0.0143..0.0157 (30.0) z 0.0018..0.1113
  arc70     glide-converged miss=  2.7mm d=(-2.5,+1.0,+0.6) base_link=(+0.1043,+0.3071) yaw=+0.018 | x 0.8150..0.8581 ( 43.0) y -0.0142..0.0164 (30.6) z 0.0021..0.1071
  arc60     glide-converged miss=  2.3mm d=(-2.0,+1.0,+0.1) base_link=(+0.1043,+0.3071) yaw=+0.018 | x 0.7978..0.8578 ( 60.0) y -0.0140..0.0166 (30.6) z 0.0025..0.0995
  arc50     glide-converged miss=  2.4mm d=(-2.0,+1.1,-0.7) base_link=(+0.1043,+0.3071) yaw=+0.018 | x 0.7813..0.8567 ( 75.4) y -0.0137..0.0170 (30.7) z 0.0024..0.0886
  arc40     glide-converged miss=  2.3mm d=(-1.6,+1.1,-1.2) base_link=(+0.1042,+0.3071) yaw=+0.018 | x 0.7677..0.8557 ( 88.0) y -0.0133..0.0175 (30.9) z 0.0024..0.0753
  arc32     glide-converged miss=  5.2mm d=(-2.8,+0.1,-4.3) base_link=(+0.1045,+0.3076) yaw=+0.020 | x 0.7614..0.8550 ( 93.6) y -0.0129..0.0194 (32.3) z 0.0025..0.0673
  arc release point (30 deg) reached; dropping the rest from here
  tray-lay: part-opened at z=0.059; paying the tail out | x 0.7580..0.8539 ( 95.9) y -0.0119..0.0328 (44.7) z 0.0007..0.0169
  tray-lay: ramped to (x 0.7279, z 0.037) | x 0.7572..0.8538 ( 96.6) y -0.0120..0.0337 (45.7) z 0.0006..0.0298
  released in place | x 0.7622..0.8538 ( 91.6) y -0.0122..0.0398 (52.0) z 0.0001..0.0359
  [arm base [0.576  0.3239 0.5069]]
  slid off the strip end | x 0.7555..0.8537 ( 98.2) y -0.0126..0.0393 (51.9) z 0.0004..0.0283
  slow shed to z=0.067 | x 0.7340..0.8536 (119.5) y -0.0124..0.0472 (59.6) z 0.0001..0.0038
  slow shed to z=0.097 | x 0.7341..0.8535 (119.4) y -0.0124..0.0471 (59.5) z 0.0001..0.0037
  jaws full-open at z=0.097 (slot un-threaded) | x 0.7341..0.8535 (119.4) y -0.0124..0.0470 (59.5) z 0.0001..0.0037
  sidestep tow-gate: pad centroid moved 12 mm after +91 mm; stopping the sidestep here
  sidestep +91 mm toward the base at z=0.097 (TOWED 12 mm!) | x 0.7217..0.8427 (121.1) y -0.0107..0.0532 (63.8) z -0.0001..0.0040
  guard climb to z=0.127 | x 0.7235..0.8415 (118.0) y -0.0105..0.0550 (65.4) z 0.0001..0.0037
  guard climb to z=0.157 | x 0.7235..0.8415 (118.0) y -0.0105..0.0550 (65.4) z 0.0001..0.0038
  guard climb to z=0.187 | x 0.7235..0.8415 (118.0) y -0.0105..0.0550 (65.4) z 0.0001..0.0038
  guard climb to z=0.217 | x 0.7235..0.8415 (118.0) y -0.0105..0.0550 (65.4) z 0.0001..0.0038
  lifted straight to z=0.230 | x 0.7235..0.8415 (118.0) y -0.0105..0.0550 (65.4) z 0.0001..0.0038

final strip: x 0.7235..0.8415 (118.0) y -0.0105..0.0550 (65.4) z 0.0001..0.0038
target AABB x 0.7425..0.8625, y -0.0128..+0.0072 (yaw +0.0 deg)
final target AABB px (578.3,312.6,653.3,325.4)
crude bbox IoU estimate 0.208
-- attempt 3: official evaluate both_liner_dominant, raw IoU 0.3506
-- ladder horizon: 26 attempts (wall budget binds before the 36-attempt cap)
== official_run: attempt 4/36 ==
-- semantic ids locked: {'thermalpad': 2, 'target': 4, 'liner': 5}
  plate LOCKED (id 4, 709px): (0.8025,-0.0028) yaw +0.00 deg
strip at rest: x 0.7457..0.8510 (105.3) y -0.3103..-0.2898 (20.4) z 0.0834..0.1017
  liner-up confirmed on the pedestal (cyan 782px)
-x overhang 13.9 mm, ends at z=0.0917; clamp exit x=0.7575, pad centre x=0.7440, bite 11.9 mm
  base parked at (-0.0210,+0.0001) yaw=+0.000, err 1.0 mm (locked)
  [arm base [ 0.4209 -0.0498  0.5009]]
  over      pad=(0.7440,-0.2050,0.2500) miss=  0.9mm d=(-0.4,+0.1,-0.8) q_err=0.003(j1) ik=0mm corr=(-0,+0,+1) base=(0.416,-0.053,0.501) | x 0.7457..0.8510 (105.3) y -0.3103..-0.2898 (20.4) z 0.0834..0.1017
            base_link=(-0.0255,-0.0021,-0.0000) yaw=-0.00236  spine=0.0
  align     pad=(0.7440,-0.2050,0.1240) miss=  1.4mm d=(+0.7,+0.3,+1.3) q_err=0.008(j1) ik=0mm corr=(+2,+2,+3) base=(0.416,-0.053,0.501) | x 0.7457..0.8510 (105.3) y -0.3103..-0.2898 (20.4) z 0.0834..0.1017
            base_link=(-0.0257,-0.0023,-0.0000) yaw=-0.00236  spine=0.0
  .. insert: no longer improving at 2.5 mm; moving on
  insert    pad=(0.7440,-0.3000,0.1240) miss=  2.5mm d=(-2.4,+0.6,+0.2) q_err=0.007(j7) ik=0mm corr=(+3,+2,+1) base=(0.415,-0.054,0.501) | x 0.7442..0.8490 (104.8) y -0.3180..-0.2898 (28.2) z 0.0829..0.1028
            base_link=(-0.0267,-0.0030,-0.0000) yaw=-0.00229  spine=0.0
  scoop     pad=(0.7440,-0.3000,0.1470) miss=  1.0mm d=(+0.3,+0.2,-1.0) q_err=0.007(j4) ik=0mm corr=(+2,+2,+1) base=(0.415,-0.054,0.501) | x 0.7497..0.8521 (102.4) y -0.3161..-0.2893 (26.8) z 0.0880..0.1171
            base_link=(-0.0265,-0.0028,-0.0000) yaw=-0.00226  spine=0.0
  close     pad=(0.7440,-0.3000,0.1470) miss=  0.8mm d=(+0.3,+0.2,-0.7) q_err=0.004(j4) ik=0mm corr=(+2,+2,+1) base=(0.415,-0.054,0.501) | x 0.7498..0.8521 (102.3) y -0.3158..-0.2893 (26.5) z 0.0879..0.1169
            base_link=(-0.0265,-0.0028,-0.0000) yaw=-0.00227  spine=0.0
  lift      pad=(0.7440,-0.3000,0.2300) miss=  0.9mm d=(+0.0,+0.9,+0.1) q_err=0.005(j4) ik=0mm corr=(-0,-2,+0) base=(0.415,-0.054,0.501) | x 0.7421..0.7589 ( 16.8) y -0.3168..-0.2920 (24.7) z 0.1154..0.2301
            base_link=(-0.0270,-0.0032,-0.0000) yaw=-0.00233  spine=0.0
  grip CONFIRMED: strip rose to z 0.1154..0.2301 (hang 114.5 mm, so the live bite is 5.5 mm)
  reconf    pad=(0.7440,-0.3000,0.2800) miss=  1.1mm d=(-0.4,-0.2,-1.0) q_err=0.003(j1) ik=0mm corr=(+1,+1,+0) base=(0.415,-0.054,0.501) | x 0.7439..0.7595 ( 15.7) y -0.3129..-0.2896 (23.3) z 0.1668..0.2815
            base_link=(-0.0270,-0.0032,-0.0000) yaw=-0.00226  spine=0.0
  mirror: skipping the reconfiguration (placing at the grip yaw)
  flip      pad=(0.7440,-0.3000,0.2800) miss=  0.6mm d=(-0.3,-0.1,-0.5) q_err=0.003(j1) ik=0mm corr=(+1,+1,+0) base=(0.415,-0.054,0.501) | x 0.7436..0.7592 ( 15.6) y -0.3131..-0.2892 (23.9) z 0.1662..0.2808
            base_link=(-0.0271,-0.0032,-0.0000) yaw=-0.00226  spine=0.0
  hanging length measured 113.7 mm (clamp z=0.2789); arc radius 111.7 mm
  preride   pad=(0.7440,-0.3000,0.3450) miss=  1.0mm d=(+0.2,+0.2,+0.9) q_err=0.006(j4) ik=0mm corr=(+1,+2,-3) base=(0.415,-0.054,0.500) | x 0.7435..0.7591 ( 15.6) y -0.3120..-0.2889 (23.2) z 0.2291..0.3436
            base_link=(-0.0271,-0.0033,-0.0000) yaw=-0.00221  spine=0.0
  advancing the base to (+0.100,+0.320) for the place reach
  [base_goto A 0.18s: (-0.027,-0.003) -> (-0.026,+0.002) yaw=-0.006]
  [base_goto A 0.18s: (-0.026,+0.002) -> (-0.026,+0.008) yaw=-0.008]
  [base_goto A 0.28s: (-0.026,+0.008) -> (-0.026,+0.076) yaw=-0.008]
  [base_goto A 0.18s: (-0.026,+0.076) -> (-0.026,+0.083) yaw=-0.008]
  [base_goto A 0.18s: (-0.026,+0.083) -> (-0.024,+0.238) yaw=-0.008]
  [base_goto B 0.09s: (-0.024,+0.238) -> (-0.024,+0.257) yaw=-0.008]
  [base_goto B 0.05s: (-0.024,+0.257) -> (-0.024,+0.235) yaw=-0.008]
  [base_goto B 0.05s: (-0.024,+0.235) -> (-0.025,+0.191) yaw=-0.008]
  [base_goto B 0.05s: (-0.025,+0.191) -> (-0.025,+0.146) yaw=-0.008]
  base parked at (-0.0251,+0.1464) yaw=-0.008, err 19.1 mm (locked)
  [base_goto A 0.18s: (-0.025,+0.144) -> (-0.024,+0.179) yaw=-0.008]
  [base_goto A 0.18s: (-0.024,+0.179) -> (-0.022,+0.268) yaw=-0.008]
  base parked at (-0.0217,+0.2693) yaw=-0.008, err 12.1 mm (locked)
  [base_goto FWD 0.18s: (-0.022,+0.271) -> (-0.017,+0.284) yaw=-0.001]
  [base_goto FWD 0.18s: (-0.017,+0.284) -> (-0.011,+0.285) yaw=-0.001]
  [base_goto FWD 0.18s: (-0.011,+0.285) -> (+0.104,+0.286) yaw=+0.000]
  [base_goto A 0.14s: (+0.104,+0.286) -> (+0.124,+0.292) yaw=-0.007]
  [base_goto A 0.15s: (+0.124,+0.292) -> (+0.124,+0.306) yaw=-0.007]
  [base_goto BACK 0.11s: (+0.124,+0.306) -> (+0.123,+0.309) yaw=-0.009]
  [base_goto BACK 0.10s: (+0.123,+0.309) -> (+0.121,+0.309) yaw=-0.007]
  base parked at (+0.1209,+0.3091) yaw=-0.007, err 23.6 mm (locked)
  [base_goto BACK 0.09s: (+0.121,+0.309) -> (+0.118,+0.309) yaw=-0.000]
  [base_goto BACK 0.08s: (+0.118,+0.309) -> (+0.106,+0.308) yaw=-0.001]
  base parked at (+0.1065,+0.3081) yaw=-0.001, err 13.5 mm (locked)
  [arm base [0.5493 0.2614 0.5009]]
  streaming origin reset to the ridden tool position (0.880,+0.018,0.341)
  drape v-offset +17.4 mm; shifting the clamp aim to v=-0.0174
  laid length 120.0 mm (arc radius 111.7, measured bite 11.9); anchor u=+0.0560 world (0.8585,-0.0028) yaw +0.0 deg
  carry     pad=(0.8450,-0.0202,0.2300) miss=  1.4mm d=(-0.3,-0.2,+1.4) q_err=0.010(j4) ik=0mm corr=(+2,+2,+4) base=(0.552,0.263,0.501) | x 0.8516..0.8634 ( 11.8) y -0.0175..0.0105 (28.0) z 0.1104..0.2324
            base_link=(+0.1097,+0.3118,-0.0000) yaw=+0.00402  spine=0.0
  base parked at (+0.1097,+0.3118) yaw=+0.004, err 12.7 mm (locked)
  [arm base [0.5522 0.2648 0.5009]]
  anchor    glide-converged miss=  4.6mm d=(-1.7,-1.3,-4.1) base_link=(+0.1125,+0.3149) yaw=+0.007 | x 0.8508..0.8648 ( 14.0) y -0.0157..0.0158 (31.5) z 0.0009..0.1141
  anchored: free end (u+0.0610,v+0.0086) from 335 board points, want (u+0.0560,v+0.0000) -> miss (-5.0,-8.6) mm
  .. anchor lateral miss -8.6 mm trips the 4 mm gate with retries left; peeling and re-landing instead of burning the draw
  retrying the touchdown from clamp (u+0.0375,v-0.0225)
  relift0   pad=(0.8400,-0.0254,0.2300) miss=  1.2mm d=(+0.3,+0.4,-1.0) q_err=0.009(j4) ik=0mm corr=(+1,+1,-1) base=(0.557,0.270,0.501) | x 0.8485..0.8577 (  9.2) y -0.0219..0.0096 (31.5) z 0.1101..0.2343
            base_link=(+0.1145,+0.3173,-0.0000) yaw=+0.00707  spine=0.0
  base parked at (+0.1145,+0.3173) yaw=+0.007, err 14.8 mm (locked)
  [arm base [0.5571 0.273  0.5008]]
  anchor1   glide-converged miss=  7.1mm d=(-2.1,-2.9,-6.2) base_link=(+0.1166,+0.3202) yaw=+0.015 | x 0.8466..0.8606 ( 14.0) y -0.0177..0.0153 (33.0) z 0.0014..0.1140
  anchored: free end (u+0.0580,v+0.0081) from 402 board points, want (u+0.0560,v+0.0000) -> miss (-2.0,-8.1) mm
  .. anchor lateral miss -8.1 mm trips the 4 mm gate with retries left; peeling and re-landing instead of burning the draw
  retrying the touchdown from clamp (u+0.0363,v-0.0274)
  relift1   pad=(0.8388,-0.0302,0.2300) miss=  0.5mm d=(-0.1,+0.1,-0.5) q_err=0.007(j4) ik=0mm corr=(+1,-1,+4) base=(0.560,0.278,0.501) | x 0.8481..0.8560 (  7.8) y -0.0253..0.0070 (32.3) z 0.1111..0.2353
            base_link=(+0.1174,+0.3212,-0.0000) yaw=+0.01453  spine=0.0
  base parked at (+0.1174,+0.3213) yaw=+0.014, err 17.4 mm (locked)
  [arm base [0.5603 0.2812 0.5008]]
  anchor2   glide-converged miss=  7.5mm d=(-2.6,-4.4,-5.5) base_link=(+0.1208,+0.3263) yaw=+0.027 | x 0.8507..0.8608 ( 10.0) y -0.0191..0.0152 (34.3) z 0.0009..0.1158
  anchored: free end (u+0.0584,v+0.0079) from 322 board points, want (u+0.0560,v+0.0000) -> miss (-2.4,-7.9) mm
  !! anchor lateral miss -7.9 mm exceeds the 4 mm gate - the lay would run diagonal; aborting for a fresh draw
  parking before exit
-- attempt 4: chain aborted (fail-closed, arms parked)
-- ladder horizon: 27 attempts (wall budget binds before the 36-attempt cap)
== official_run: attempt 5/36 ==
-- semantic ids locked: {'thermalpad': 2, 'target': 4, 'liner': 5}
  plate LOCKED (id 4, 709px): (0.8025,-0.0028) yaw +0.00 deg
strip at rest: x 0.7457..0.8510 (105.3) y -0.3102..-0.2898 (20.4) z 0.0834..0.1017
  liner-up confirmed on the pedestal (cyan 790px)
-x overhang 13.8 mm, ends at z=0.0917; clamp exit x=0.7575, pad centre x=0.7440, bite 11.8 mm
  base parked at (-0.0209,+0.0001) yaw=+0.001, err 0.9 mm (locked)
  [arm base [ 0.421  -0.0496  0.5009]]
  over      pad=(0.7440,-0.2050,0.2500) miss=  1.3mm d=(-0.6,-0.3,-1.1) q_err=0.003(j1) ik=0mm corr=(+0,+1,+2) base=(0.413,-0.055,0.501) | x 0.7457..0.8510 (105.3) y -0.3102..-0.2898 (20.4) z 0.0834..0.1017
            base_link=(-0.0286,-0.0045,-0.0000) yaw=-0.00078  spine=0.0
  .. align: no longer improving at 2.4 mm; moving on
  align     pad=(0.7440,-0.2050,0.1240) miss=  2.4mm d=(+0.2,+0.2,-2.4) q_err=0.004(j4) ik=0mm corr=(+2,+2,+4) base=(0.414,-0.055,0.501) | x 0.7457..0.8510 (105.3) y -0.3102..-0.2898 (20.4) z 0.0834..0.1017
            base_link=(-0.0284,-0.0043,-0.0000) yaw=-0.00079  spine=0.0
  .. insert: no longer improving at 1.9 mm; moving on
  insert    pad=(0.7440,-0.3000,0.1240) miss=  1.9mm d=(-1.9,+0.3,+0.2) q_err=0.004(j1) ik=0mm corr=(+3,+2,+1) base=(0.412,-0.056,0.501) | x 0.7443..0.8489 (104.7) y -0.3172..-0.2897 (27.4) z 0.0829..0.1028
            base_link=(-0.0295,-0.0051,-0.0000) yaw=-0.00089  spine=0.0
  scoop     pad=(0.7440,-0.3000,0.1470) miss=  1.3mm d=(+0.1,-0.0,-1.3) q_err=0.008(j4) ik=0mm corr=(+2,+2,+1) base=(0.413,-0.055,0.501) | x 0.7549..0.8523 ( 97.4) y -0.3148..-0.2893 (25.6) z 0.0889..0.1185
            base_link=(-0.0291,-0.0048,-0.0000) yaw=-0.00088  spine=0.0
  close     pad=(0.7440,-0.3000,0.1470) miss=  1.0mm d=(+0.0,-0.0,-1.0) q_err=0.006(j4) ik=0mm corr=(+2,+2,+1) base=(0.413,-0.055,0.501) | x 0.7544..0.8523 ( 97.8) y -0.3148..-0.2893 (25.6) z 0.0889..0.1185
            base_link=(-0.0290,-0.0048,-0.0000) yaw=-0.00087  spine=0.0
  lift      pad=(0.7440,-0.3000,0.2300) miss=  0.9mm d=(+0.2,+0.9,+0.1) q_err=0.004(j4) ik=0mm corr=(-0,-3,+0) base=(0.414,-0.054,0.501) | x 0.7409..0.7585 ( 17.5) y -0.3161..-0.2950 (21.1) z 0.1178..0.2303
            base_link=(-0.0275,-0.0037,-0.0000) yaw=-0.00040  spine=0.0
  grip CONFIRMED: strip rose to z 0.1178..0.2303 (hang 112.1 mm, so the live bite is 7.9 mm)
  .. reconf: no longer improving at 12.6 mm; moving on
  reconf    pad=(0.7440,-0.3000,0.2800) miss= 12.6mm d=(+1.2,+3.6,+12.1) q_err=0.016(j1) ik=0mm corr=(+1,+2,-3) base=(0.414,-0.054,0.501) | x 0.7410..0.7576 ( 16.6) y -0.3160..-0.2948 (21.2) z 0.1561..0.2691
            base_link=(-0.0276,-0.0038,-0.0000) yaw=-0.00050  spine=0.0
  mirror: skipping the reconfiguration (placing at the grip yaw)
  .. flip: no longer improving at 6.1 mm; moving on
  flip      pad=(0.7440,-0.3000,0.2800) miss=  6.1mm d=(-0.2,-1.1,-6.0) q_err=0.003(j4) ik=0mm corr=(+1,+2,+5) base=(0.414,-0.054,0.501) | x 0.7422..0.7587 ( 16.5) y -0.3111..-0.2899 (21.2) z 0.1737..0.2867
            base_link=(-0.0277,-0.0038,-0.0000) yaw=-0.00054  spine=0.0
  hanging length measured 111.5 mm (clamp z=0.2836); arc radius 109.5 mm
  preride   pad=(0.7440,-0.3000,0.3450) miss=  0.7mm d=(+0.4,+0.4,+0.4) q_err=0.005(j4) ik=0mm corr=(+1,+2,-1) base=(0.414,-0.054,0.500) | x 0.7417..0.7588 ( 17.1) y -0.3115..-0.2898 (21.7) z 0.2315..0.3443
            base_link=(-0.0277,-0.0039,-0.0000) yaw=-0.00060  spine=0.0
  advancing the base to (+0.100,+0.320) for the place reach
  [base_goto A 0.18s: (-0.028,-0.004) -> (-0.027,+0.001) yaw=-0.005]
  [base_goto A 0.18s: (-0.027,+0.001) -> (-0.027,+0.012) yaw=-0.006]
  [base_goto A 0.18s: (-0.027,+0.012) -> (-0.027,+0.032) yaw=-0.006]
  [base_goto A 0.18s: (-0.027,+0.032) -> (-0.026,+0.095) yaw=-0.006]
  [base_goto A 0.13s: (-0.026,+0.095) -> (-0.027,+0.101) yaw=-0.007]
  [base_goto A 0.11s: (-0.027,+0.101) -> (-0.025,+0.223) yaw=-0.006]
  [base_goto B 0.09s: (-0.025,+0.223) -> (-0.025,+0.237) yaw=-0.005]
  [base_goto B 0.05s: (-0.025,+0.237) -> (-0.025,+0.205) yaw=-0.006]
  [base_goto B 0.05s: (-0.025,+0.205) -> (-0.025,+0.162) yaw=-0.005]
  [base_goto B 0.05s: (-0.025,+0.162) -> (-0.025,+0.120) yaw=-0.004]
  base parked at (-0.0252,+0.1202) yaw=-0.004, err 9.4 mm (locked)
  [base_goto A 0.18s: (-0.025,+0.118) -> (-0.023,+0.157) yaw=-0.002]
  [base_goto A 0.18s: (-0.023,+0.157) -> (-0.022,+0.244) yaw=-0.001]
  base parked at (-0.0218,+0.2439) yaw=-0.001, err 12.2 mm (locked)
  [base_goto FWD 0.18s: (-0.022,+0.247) -> (-0.019,+0.260) yaw=+0.006]
  [base_goto FWD 0.18s: (-0.019,+0.260) -> (+0.040,+0.265) yaw=+0.011]
  [base_goto FWD 0.18s: (+0.040,+0.265) -> (+0.116,+0.266) yaw=+0.011]
  [base_goto A 0.18s: (+0.116,+0.266) -> (+0.130,+0.282) yaw=+0.013]
  [base_goto A 0.18s: (+0.130,+0.282) -> (+0.132,+0.320) yaw=+0.012]
  [base_goto BACK 0.13s: (+0.132,+0.320) -> (+0.131,+0.326) yaw=+0.030]
  [base_goto BACK 0.12s: (+0.131,+0.326) -> (+0.127,+0.326) yaw=+0.030]
  [base_goto BACK 0.11s: (+0.127,+0.326) -> (+0.125,+0.326) yaw=+0.030]
  [base_goto BACK 0.28s: (+0.125,+0.326) -> (+0.092,+0.325) yaw=+0.030]
  base parked at (+0.0912,+0.3250) yaw=+0.030, err 9.7 mm (locked)
  base parked at (+0.0906,+0.3251) yaw=+0.030, err 10.7 mm (locked)
  [arm base [0.5354 0.29   0.5009]]
  streaming origin reset to the ridden tool position (0.873,+0.055,0.343)
  drape v-offset +16.9 mm; shifting the clamp aim to v=-0.0169
  laid length 120.0 mm (arc radius 109.5, measured bite 11.8); anchor u=+0.0560 world (0.8585,-0.0028) yaw +0.0 deg
  carry     pad=(0.8450,-0.0198,0.2300) miss=  1.4mm d=(+0.4,+0.2,-1.3) q_err=0.006(j4) ik=0mm corr=(+0,+0,-1) base=(0.535,0.290,0.501) | x 0.8421..0.8615 ( 19.4) y -0.0155..0.0069 (22.4) z 0.1190..0.2319
            base_link=(+0.0920,+0.3253,+0.0000) yaw=+0.03285  spine=3e-05
  base parked at (+0.0920,+0.3253) yaw=+0.033, err 9.6 mm (locked)
  [arm base [0.5352 0.2923 0.5009]]
  anchor    glide-converged miss=  5.7mm d=(-0.7,-1.5,-5.5) base_link=(+0.0915,+0.3249) yaw=+0.047 | x 0.8412..0.8620 ( 20.8) y -0.0126..0.0096 (22.2) z 0.0009..0.1100
  anchored: free end (u+0.0599,v+0.0024) from 322 board points, want (u+0.0560,v+0.0000) -> miss (-3.9,-2.4) mm
  re-centring the arc on the measured anchor u=+0.0599
  arc80     glide-converged miss=  3.0mm d=(-1.2,+0.5,+2.7) base_link=(+0.0915,+0.3248) yaw=+0.047 | x 0.8275..0.8612 ( 33.7) y -0.0147..0.0094 (24.1) z 0.0013..0.1097
  arc70     glide-converged miss=  2.5mm d=(-2.2,+0.8,+0.8) base_link=(+0.0915,+0.3249) yaw=+0.047 | x 0.8098..0.8602 ( 50.4) y -0.0149..0.0094 (24.3) z 0.0016..0.1060
  arc60     glide-converged miss=  2.6mm d=(-2.4,+1.0,-0.5) base_link=(+0.0915,+0.3248) yaw=+0.047 | x 0.7919..0.8560 ( 64.1) y -0.0155..0.0095 (25.0) z 0.0017..0.0988
  arc50     glide-converged miss=  1.7mm d=(-1.4,+0.9,-0.3) base_link=(+0.0915,+0.3248) yaw=+0.047 | x 0.7751..0.8512 ( 76.0) y -0.0157..0.0095 (25.2) z 0.0025..0.0875
  arc40     glide-converged miss=  2.0mm d=(-1.5,+0.9,-1.0) base_link=(+0.0915,+0.3248) yaw=+0.047 | x 0.7616..0.8488 ( 87.2) y -0.0155..0.0093 (24.8) z 0.0025..0.0738
  arc32     glide-converged miss=  5.4mm d=(-3.0,-0.2,-4.5) base_link=(+0.0917,+0.3251) yaw=+0.049 | x 0.7552..0.8481 ( 92.8) y -0.0138..0.0093 (23.1) z 0.0025..0.0662
  arc release point (30 deg) reached; dropping the rest from here
  tray-lay: part-opened at z=0.059; paying the tail out | x 0.7557..0.8479 ( 92.2) y -0.0120..0.0101 (22.1) z 0.0025..0.0658
  tray-lay: ramped to (x 0.7320, z 0.037) | x 0.7546..0.8478 ( 93.2) y -0.0145..0.0096 (24.1) z 0.0025..0.0658
  released in place | x 0.7716..0.8476 ( 76.0) y -0.0107..0.0324 (43.1) z 0.0013..0.0608
  [arm base [0.5467 0.3477 0.5071]]
  slid off the strip end | x 0.7717..0.8477 ( 76.0) y -0.0110..0.0389 (49.9) z 0.0012..0.0660
  slow shed to z=0.067 | x 0.7816..0.8477 ( 66.1) y -0.0118..0.0411 (53.0) z 0.0011..0.0624
  slow shed to z=0.097 | x 0.7638..0.8473 ( 83.5) y -0.0124..0.0303 (42.7) z 0.0002..0.0119
  jaws full-open at z=0.097 (slot un-threaded) | x 0.7638..0.8474 ( 83.6) y -0.0120..0.0311 (43.1) z -0.0000..0.0118
  slow shed to z=0.127 | x 0.7386..0.8125 ( 73.9) y 0.0184..0.0735 (55.1) z -0.0000..0.0124
  !! shed TOWED the strip 47 mm (-30,+36)
  sidestep tow-gate: pad centroid moved 13 mm after +16 mm; stopping the sidestep here
  sidestep +16 mm toward the base at z=0.127 (TOWED 13 mm!) | x 0.7395..0.8085 ( 69.1) y 0.0281..0.0904 (62.2) z 0.0004..0.0181
  !! guard climb TOWED the strip 14 mm; lowering back and re-climbing ultra-slow
  re-climb done | x 0.7397..0.8003 ( 60.6) y 0.0407..0.1107 (70.0) z 0.0008..0.0215
  guard climb to z=0.187 | x 0.7400..0.8002 ( 60.2) y 0.0407..0.1108 (70.1) z 0.0008..0.0122
  guard climb to z=0.217 | x 0.7406..0.8002 ( 59.6) y 0.0406..0.1108 (70.2) z 0.0008..0.0120
  lifted straight to z=0.230 | x 0.7418..0.8003 ( 58.5) y 0.0406..0.1102 (69.6) z 0.0008..0.0106

final strip: x 0.7418..0.8003 ( 58.5) y 0.0406..0.1102 (69.6) z 0.0008..0.0106
target AABB x 0.7425..0.8625, y -0.0128..+0.0072 (yaw +0.0 deg)
final target AABB px (578.3,312.6,653.3,325.4)
crude bbox IoU estimate 0.000
-- live loose target bbox (247, 298, 560, 629) outranks the chain's tracked (313, 325, 578, 653) (plate moved post-track)
-- attempt 5: official evaluate sideways, raw IoU 0.0000
-- ladder horizon: 27 attempts (wall budget binds before the 36-attempt cap)
== official_run: attempt 6/36 ==
-- semantic ids locked: {'thermalpad': 2, 'target': 4, 'liner': 5}
  plate LOCKED (id 4, 709px): (0.8025,-0.0028) yaw +0.00 deg
strip at rest: x 0.7457..0.8509 (105.2) y -0.3103..-0.2899 (20.4) z 0.0833..0.1017
  liner-up confirmed on the pedestal (cyan 789px)
-x overhang 13.8 mm, ends at z=0.0917; clamp exit x=0.7575, pad centre x=0.7440, bite 11.8 mm
  base parked at (-0.0211,+0.0001) yaw=+0.000, err 1.1 mm (locked)
  [arm base [ 0.4208 -0.0498  0.5009]]
  .. over: no longer improving at 1.9 mm; moving on
  over      pad=(0.7440,-0.2050,0.2500) miss=  1.9mm d=(-1.1,-1.0,-1.2) q_err=0.004(j1) ik=0mm corr=(+1,+2,+2) base=(0.413,-0.057,0.501) | x 0.7457..0.8509 (105.2) y -0.3103..-0.2899 (20.4) z 0.0833..0.1017
            base_link=(-0.0289,-0.0048,+0.0000) yaw=-0.00442  spine=1e-05
  align     pad=(0.7440,-0.2050,0.1240) miss=  1.5mm d=(+0.5,+0.2,+1.4) q_err=0.008(j1) ik=0mm corr=(+2,+2,+3) base=(0.413,-0.057,0.501) | x 0.7457..0.8509 (105.2) y -0.3103..-0.2899 (20.4) z 0.0833..0.1017
            base_link=(-0.0287,-0.0046,+0.0000) yaw=-0.00444  spine=1e-05
  .. insert: no longer improving at 2.2 mm; moving on
  insert    pad=(0.7440,-0.3000,0.1240) miss=  2.2mm d=(-2.1,-0.6,+0.5) q_err=0.005(j6) ik=0mm corr=(+3,+3,+1) base=(0.413,-0.057,0.501) | x 0.7443..0.8493 (105.0) y -0.3179..-0.2897 (28.2) z 0.0831..0.1027
            base_link=(-0.0287,-0.0047,+0.0000) yaw=-0.00415  spine=1e-05
  scoop     pad=(0.7440,-0.3000,0.1470) miss=  1.5mm d=(+0.0,+0.1,-1.5) q_err=0.007(j4) ik=0mm corr=(+2,+2,+1) base=(0.413,-0.057,0.501) | x 0.7530..0.8521 ( 99.1) y -0.3157..-0.2893 (26.4) z 0.0877..0.1180
            base_link=(-0.0285,-0.0046,+0.0000) yaw=-0.00419  spine=1e-05
  close     pad=(0.7440,-0.3000,0.1470) miss=  0.9mm d=(-0.1,-0.0,-0.9) q_err=0.006(j4) ik=0mm corr=(+2,+2,+1) base=(0.413,-0.057,0.501) | x 0.7492..0.8520 (102.8) y -0.3157..-0.2893 (26.4) z 0.0877..0.1171
            base_link=(-0.0285,-0.0046,+0.0000) yaw=-0.00418  spine=1e-05
  lift      pad=(0.7440,-0.3000,0.2300) miss=  1.1mm d=(+0.0,-0.7,-0.8) q_err=0.003(j4) ik=0mm corr=(+1,-0,+1) base=(0.412,-0.057,0.501) | x 0.7425..0.7587 ( 16.2) y -0.3145..-0.2929 (21.5) z 0.1181..0.2316
            base_link=(-0.0294,-0.0050,+0.0000) yaw=-0.00320  spine=1e-05
  grip CONFIRMED: strip rose to z 0.1181..0.2316 (hang 112.7 mm, so the live bite is 7.3 mm)
  reconf    pad=(0.7440,-0.3000,0.2800) miss=  1.4mm d=(+0.8,+0.9,+0.6) q_err=0.009(j4) ik=0mm corr=(+2,+3,-1) base=(0.413,-0.056,0.501) | x 0.7426..0.7580 ( 15.4) y -0.3149..-0.2922 (22.7) z 0.1661..0.2797
            base_link=(-0.0290,-0.0048,+0.0000) yaw=-0.00314  spine=1e-05
  mirror: skipping the reconfiguration (placing at the grip yaw)
  flip      pad=(0.7440,-0.3000,0.2800) miss=  1.3mm d=(+0.5,+0.5,+1.1) q_err=0.005(j1) ik=0mm corr=(+2,+3,-1) base=(0.413,-0.056,0.501) | x 0.7431..0.7587 ( 15.6) y -0.3141..-0.2917 (22.4) z 0.1653..0.2790
            base_link=(-0.0290,-0.0048,+0.0000) yaw=-0.00306  spine=1e-05
  hanging length measured 112.5 mm (clamp z=0.2774); arc radius 110.5 mm
  preride   pad=(0.7440,-0.3000,0.3450) miss=  0.7mm d=(+0.2,+0.3,-0.6) q_err=0.011(j4) ik=0mm corr=(+2,+3,-2) base=(0.413,-0.056,0.501) | x 0.7426..0.7585 ( 15.8) y -0.3131..-0.2908 (22.2) z 0.2330..0.3463
            base_link=(-0.0289,-0.0047,+0.0000) yaw=-0.00305  spine=1e-05
  advancing the base to (+0.100,+0.320) for the place reach
  [base_goto A 0.18s: (-0.029,-0.005) -> (-0.028,-0.000) yaw=-0.007]
  [base_goto A 0.18s: (-0.028,-0.000) -> (-0.028,+0.010) yaw=-0.010]
  [base_goto A 0.18s: (-0.028,+0.010) -> (-0.027,+0.025) yaw=-0.010]
  [base_goto A 0.18s: (-0.027,+0.025) -> (-0.027,+0.076) yaw=-0.011]
  [base_goto A 0.18s: (-0.027,+0.076) -> (-0.026,+0.157) yaw=-0.010]
  [base_goto B 0.12s: (-0.026,+0.157) -> (-0.026,+0.168) yaw=-0.011]
  [base_goto B 0.09s: (-0.026,+0.168) -> (-0.026,+0.126) yaw=-0.012]
  base parked at (-0.0261,+0.1259) yaw=-0.012, err 6.5 mm (locked)
  [base_goto A 0.18s: (-0.026,+0.125) -> (-0.024,+0.161) yaw=-0.010]
  [base_goto A 0.18s: (-0.024,+0.161) -> (-0.024,+0.169) yaw=-0.010]
  [base_goto A 0.18s: (-0.024,+0.169) -> (-0.021,+0.328) yaw=-0.010]
  [base_goto B 0.18s: (-0.021,+0.328) -> (-0.021,+0.346) yaw=-0.009]
  [base_goto B 0.09s: (-0.021,+0.346) -> (-0.022,+0.278) yaw=-0.008]
  base parked at (-0.0215,+0.2773) yaw=-0.008, err 22.2 mm (locked)
  [base_goto FWD 0.18s: (-0.021,+0.276) -> (-0.025,+0.268) yaw=-0.002]
  [base_goto FWD 0.18s: (-0.025,+0.268) -> (-0.006,+0.269) yaw=-0.001]
  [base_goto FWD 0.18s: (-0.006,+0.269) -> (+0.024,+0.270) yaw=-0.000]
  [base_goto FWD 0.18s: (+0.024,+0.270) -> (+0.099,+0.270) yaw=+0.000]
  [base_goto A 0.18s: (+0.099,+0.270) -> (+0.109,+0.270) yaw=-0.000]
  [base_goto A 0.18s: (+0.109,+0.270) -> (+0.115,+0.349) yaw=+0.004]
  [base_goto B 0.13s: (+0.115,+0.349) -> (+0.115,+0.315) yaw=+0.004]
  base parked at (+0.1153,+0.3146) yaw=+0.004, err 16.2 mm (locked)
  base parked at (+0.1152,+0.3137) yaw=+0.004, err 16.5 mm (locked)
  [arm base [0.5581 0.2656 0.5009]]
  streaming origin reset to the ridden tool position (0.894,+0.028,0.341)
  drape v-offset +16.5 mm; shifting the clamp aim to v=-0.0165
  laid length 120.0 mm (arc radius 110.5, measured bite 11.8); anchor u=+0.0560 world (0.8585,-0.0028) yaw +0.0 deg
  carry     pad=(0.8450,-0.0193,0.2300) miss=  1.0mm d=(-0.1,-0.1,+1.0) q_err=0.010(j1) ik=0mm corr=(+2,+3,+4) base=(0.557,0.263,0.501) | x 0.8429..0.8628 ( 19.9) y -0.0151..0.0087 (23.7) z 0.1209..0.2328
            base_link=(+0.1145,+0.3075,+0.0000) yaw=+0.01253  spine=2e-05
  base parked at (+0.1145,+0.3075) yaw=+0.013, err 19.2 mm (locked)
  [arm base [0.5573 0.2671 0.5009]]
  anchor    glide-converged miss=  4.8mm d=(-0.3,-0.3,-4.8) base_link=(+0.1154,+0.3091) yaw=+0.023 | x 0.8407..0.8616 ( 20.9) y -0.0147..0.0104 (25.1) z 0.0009..0.1104
  anchored: free end (u+0.0592,v+0.0032) from 322 board points, want (u+0.0560,v+0.0000) -> miss (-3.2,-3.2) mm
  re-centring the arc on the measured anchor u=+0.0592
  arc80     glide-converged miss=  3.5mm d=(-2.3,-0.1,+2.6) base_link=(+0.1157,+0.3097) yaw=+0.023 | x 0.8279..0.8613 ( 33.3) y -0.0143..0.0102 (24.5) z 0.0012..0.1108
  arc70     glide-converged miss=  3.2mm d=(-3.0,+0.9,+0.7) base_link=(+0.1157,+0.3096) yaw=+0.023 | x 0.8095..0.8571 ( 47.6) y -0.0158..0.0104 (26.2) z 0.0017..0.1071
  arc60     glide-converged miss=  2.7mm d=(-2.5,+1.2,+0.1) base_link=(+0.1156,+0.3095) yaw=+0.023 | x 0.7903..0.8543 ( 64.0) y -0.0159..0.0105 (26.4) z 0.0022..0.0993
  arc50     glide-converged miss=  2.3mm d=(-2.1,+0.8,-0.5) base_link=(+0.1157,+0.3096) yaw=+0.023 | x 0.7746..0.8504 ( 75.9) y -0.0157..0.0108 (26.4) z 0.0024..0.0887
  arc40     glide-converged miss=  2.0mm d=(-1.5,+1.0,-0.9) base_link=(+0.1157,+0.3096) yaw=+0.023 | x 0.7601..0.8482 ( 88.1) y -0.0157..0.0108 (26.5) z 0.0025..0.0744
  arc32     glide-converged miss=  4.7mm d=(-2.7,+0.4,-3.9) base_link=(+0.1159,+0.3099) yaw=+0.025 | x 0.7537..0.8472 ( 93.6) y -0.0145..0.0107 (25.2) z 0.0024..0.0661
  arc release point (30 deg) reached; dropping the rest from here
  tray-lay: part-opened at z=0.060; paying the tail out | x 0.7570..0.8477 ( 90.7) y -0.0086..0.0334 (42.0) z 0.0018..0.0595
  tray-lay: ramped to (x 0.7305, z 0.037) | x 0.7663..0.8477 ( 81.4) y -0.0095..0.0321 (41.6) z 0.0012..0.0576
  released in place | x 0.7744..0.8478 ( 73.4) y -0.0104..0.0400 (50.4) z 0.0011..0.0617
  [arm base [0.5865 0.3287 0.5066]]
  slid off the strip end | x 0.7625..0.8479 ( 85.3) y -0.0107..0.0391 (49.9) z -0.0001..0.0116
  slow shed to z=0.067 | x 0.7625..0.8479 ( 85.4) y -0.0108..0.0391 (49.9) z -0.0002..0.0118
  slow shed to z=0.097 | x 0.7625..0.8479 ( 85.4) y -0.0108..0.0390 (49.9) z -0.0001..0.0118
  jaws full-open at z=0.097 (slot un-threaded) | x 0.7625..0.8479 ( 85.4) y -0.0109..0.0391 (49.9) z -0.0003..0.0119
  slow shed to z=0.127 | x 0.7451..0.8155 ( 70.4) y 0.0135..0.0697 (56.2) z -0.0004..0.0080
  !! shed TOWED the strip 37 mm (-25,+28)
  sidestep tow-gate: pad centroid moved 12 mm after +25 mm; stopping the sidestep here
  sidestep +25 mm toward the base at z=0.127 (TOWED 12 mm!) | x 0.7432..0.8090 ( 65.7) y 0.0219..0.0840 (62.1) z -0.0005..0.0107
  guard climb to z=0.157 | x 0.7421..0.8044 ( 62.3) y 0.0271..0.0967 (69.6) z -0.0000..0.0129
  guard climb to z=0.187 | x 0.7416..0.8051 ( 63.5) y 0.0253..0.0977 (72.4) z 0.0011..0.0132
  guard climb to z=0.217 | x 0.7416..0.8051 ( 63.5) y 0.0251..0.0977 (72.6) z 0.0011..0.0134
  lifted straight to z=0.230 | x 0.7416..0.8051 ( 63.5) y 0.0251..0.0977 (72.6) z 0.0011..0.0134

final strip: x 0.7416..0.8051 ( 63.5) y 0.0251..0.0977 (72.6) z 0.0011..0.0134
target AABB x 0.7425..0.8625, y -0.0128..+0.0072 (yaw +0.0 deg)
final target AABB px (578.3,312.6,653.3,325.4)
crude bbox IoU estimate 0.000
-- live loose target bbox (254, 303, 557, 626) outranks the chain's tracked (313, 325, 578, 653) (plate moved post-track)
-- attempt 6: official evaluate sideways, raw IoU 0.0000
-- ladder horizon: 27 attempts (wall budget binds before the 36-attempt cap)
== official_run: attempt 7/36 ==
-- semantic ids locked: {'thermalpad': 2, 'target': 4, 'liner': 5}
  plate LOCKED (id 4, 709px): (0.8025,-0.0028) yaw +0.00 deg
strip at rest: x 0.7457..0.8509 (105.2) y -0.3103..-0.2899 (20.5) z 0.0833..0.1017
  liner-up confirmed on the pedestal (cyan 791px)
-x overhang 13.8 mm, ends at z=0.0917; clamp exit x=0.7575, pad centre x=0.7440, bite 11.8 mm
  base parked at (-0.0194,+0.0002) yaw=+0.000, err 0.7 mm (locked)
  [arm base [ 0.4226 -0.0498  0.5009]]
  .. over: no longer improving at 7.1 mm; moving on
  over      pad=(0.7440,-0.2050,0.2500) miss=  7.1mm d=(+1.5,+6.0,-3.4) q_err=0.014(j4) ik=0mm corr=(+1,+0,+4) base=(0.421,-0.046,0.501) | x 0.7457..0.8509 (105.2) y -0.3103..-0.2899 (20.5) z 0.0833..0.1017
            base_link=(-0.0213,+0.0015,+0.0000) yaw=+0.00586  spine=0.0
  align     pad=(0.7440,-0.2050,0.1240) miss=  1.1mm d=(-0.3,-0.0,-1.1) q_err=0.007(j1) ik=0mm corr=(+2,+2,+5) base=(0.421,-0.046,0.501) | x 0.7457..0.8509 (105.2) y -0.3103..-0.2899 (20.5) z 0.0833..0.1017
            base_link=(-0.0207,+0.0019,+0.0000) yaw=+0.00567  spine=1e-05
  .. insert: no longer improving at 3.6 mm; moving on
  insert    pad=(0.7440,-0.3000,0.1240) miss=  3.6mm d=(-3.5,-0.7,-0.3) q_err=0.005(j7) ik=0mm corr=(+3,+2,+1) base=(0.419,-0.047,0.501) | x 0.7447..0.8495 (104.8) y -0.3165..-0.2898 (26.7) z 0.0831..0.1025
            base_link=(-0.0231,+0.0003,+0.0000) yaw=+0.00597  spine=1e-05
  .. insert overshot x by -3.5 mm; backing out and re-approaching with the aim biased
  insert-out pad=(0.7440,-0.2050,0.1240) miss=  0.7mm d=(-0.6,-0.4,-0.0) q_err=0.008(j4) ik=0mm corr=(+2,-0,+2) base=(0.419,-0.047,0.501) | x 0.7447..0.8491 (104.4) y -0.3164..-0.2898 (26.6) z 0.0830..0.1028
            base_link=(-0.0232,+0.0002,+0.0000) yaw=+0.00601  spine=1e-05
  .. insert: no longer improving at 3.5 mm; moving on
  insert    pad=(0.7440,-0.3000,0.1240) miss=  3.5mm d=(-3.2,-1.6,+0.2) q_err=0.004(j6) ik=0mm corr=(+3,+3,+1) base=(0.418,-0.048,0.501) | x 0.7443..0.8485 (104.2) y -0.3175..-0.2897 (27.8) z 0.0829..0.1031
            base_link=(-0.0245,-0.0007,+0.0000) yaw=+0.00592  spine=1e-05
  .. insert stalled at -3.2 mm x after the biased retry — inside the post-retry gate (3.8 mm); closing on the deeper bite
  scoop     pad=(0.7440,-0.3000,0.1470) miss=  1.0mm d=(+0.5,+0.3,-0.8) q_err=0.007(j4) ik=0mm corr=(+2,+2,+0) base=(0.417,-0.049,0.501) | x 0.7412..0.8517 (110.5) y -0.3159..-0.2891 (26.8) z 0.0863..0.1051
            base_link=(-0.0248,-0.0010,+0.0000) yaw=+0.00595  spine=1e-05
  close     pad=(0.7440,-0.3000,0.1470) miss=  0.5mm d=(+0.4,+0.2,-0.2) q_err=0.004(j4) ik=0mm corr=(+2,+2,+0) base=(0.417,-0.049,0.501) | x 0.7411..0.8517 (110.7) y -0.3158..-0.2891 (26.7) z 0.0863..0.1049
            base_link=(-0.0248,-0.0009,+0.0000) yaw=+0.00594  spine=1e-05
  lift      pad=(0.7440,-0.3000,0.2300) miss=  0.6mm d=(-0.3,-0.5,-0.2) q_err=0.005(j4) ik=0mm corr=(-0,-3,+0) base=(0.419,-0.047,0.501) | x 0.7421..0.7588 ( 16.7) y -0.3151..-0.2945 (20.6) z 0.1169..0.2304
            base_link=(-0.0230,+0.0003,+0.0000) yaw=+0.00656  spine=1e-05
  grip CONFIRMED: strip rose to z 0.1169..0.2304 (hang 113.3 mm, so the live bite is 6.7 mm)
  .. reconf: no longer improving at 5.1 mm; moving on
  reconf    pad=(0.7440,-0.3000,0.2800) miss=  5.1mm d=(-3.4,-3.8,-0.6) q_err=0.008(j4) ik=0mm corr=(+3,+5,+5) base=(0.419,-0.047,0.501) | x 0.7466..0.7624 ( 15.8) y -0.3096..-0.2874 (22.3) z 0.1686..0.2824
            base_link=(-0.0231,+0.0002,+0.0000) yaw=+0.00661  spine=1e-05
  mirror: skipping the reconfiguration (placing at the grip yaw)
  .. flip: no longer improving at 2.4 mm; moving on
  flip      pad=(0.7440,-0.3000,0.2800) miss=  2.4mm d=(+1.4,+0.8,-1.8) q_err=0.006(j2) ik=0mm corr=(-0,-1,-2) base=(0.419,-0.047,0.501) | x 0.7410..0.7568 ( 15.8) y -0.3151..-0.2930 (22.1) z 0.1691..0.2824
            base_link=(-0.0234,+0.0000,+0.0000) yaw=+0.00664  spine=1e-05
  hanging length measured 112.4 mm (clamp z=0.2770); arc radius 110.4 mm
  preride   pad=(0.7440,-0.3000,0.3450) miss=  0.3mm d=(-0.1,+0.1,-0.2) q_err=0.010(j2) ik=0mm corr=(+1,+2,-3) base=(0.419,-0.047,0.501) | x 0.7423..0.7588 ( 16.5) y -0.3130..-0.2901 (22.9) z 0.2323..0.3451
            base_link=(-0.0232,+0.0001,+0.0000) yaw=+0.00662  spine=0.0
  advancing the base to (+0.100,+0.320) for the place reach
  [base_goto A 0.18s: (-0.023,+0.000) -> (-0.023,+0.005) yaw=+0.002]
  [base_goto A 0.18s: (-0.023,+0.005) -> (-0.023,+0.022) yaw=+0.002]
  [base_goto A 0.18s: (-0.023,+0.022) -> (-0.022,+0.063) yaw=+0.002]
  [base_goto A 0.18s: (-0.022,+0.063) -> (-0.022,+0.148) yaw=+0.003]
  base parked at (-0.0223,+0.1475) yaw=+0.003, err 19.6 mm (locked)
  [base_goto A 0.18s: (-0.022,+0.151) -> (-0.018,+0.226) yaw=+0.009]
  [base_goto A 0.12s: (-0.018,+0.226) -> (-0.016,+0.289) yaw=+0.009]
  [base_goto B 0.13s: (-0.016,+0.289) -> (-0.016,+0.248) yaw=+0.009]
  base parked at (-0.0157,+0.2472) yaw=+0.009, err 9.2 mm (locked)
  [base_goto FWD 0.18s: (-0.016,+0.246) -> (-0.018,+0.238) yaw=+0.018]
  [base_goto FWD 0.18s: (-0.018,+0.238) -> (+0.018,+0.240) yaw=+0.020]
  [base_goto FWD 0.18s: (+0.018,+0.240) -> (+0.092,+0.243) yaw=+0.021]
  [base_goto A 0.18s: (+0.092,+0.243) -> (+0.105,+0.251) yaw=+0.024]
  [base_goto A 0.18s: (+0.105,+0.251) -> (+0.106,+0.283) yaw=+0.024]
  [base_goto A 0.15s: (+0.106,+0.283) -> (+0.105,+0.357) yaw=+0.024]
  [base_goto B 0.15s: (+0.105,+0.357) -> (+0.105,+0.365) yaw=+0.024]
  [base_goto B 0.09s: (+0.105,+0.365) -> (+0.107,+0.286) yaw=+0.024]
  [base_goto A 0.09s: (+0.107,+0.286) -> (+0.107,+0.297) yaw=+0.023]
  base parked at (+0.1071,+0.2978) yaw=+0.023, err 24.1 mm (locked)
  [base_goto A 0.09s: (+0.107,+0.299) -> (+0.110,+0.323) yaw=+0.026]
  base parked at (+0.1100,+0.3225) yaw=+0.026, err 10.3 mm (locked)
  [arm base [0.5555 0.2954 0.5009]]
  streaming origin reset to the ridden tool position (0.886,+0.050,0.340)
  drape v-offset +18.7 mm; shifting the clamp aim to v=-0.0187
  laid length 120.0 mm (arc radius 110.4, measured bite 11.8); anchor u=+0.0560 world (0.8585,-0.0028) yaw +0.0 deg
  carry     pad=(0.8450,-0.0215,0.2300) miss=  1.4mm d=(+0.0,+0.1,+1.4) q_err=0.009(j1) ik=0mm corr=(+2,+3,+4) base=(0.561,0.310,0.501) | x 0.8431..0.8621 ( 19.0) y -0.0168..0.0092 (26.0) z 0.1195..0.2328
            base_link=(+0.1183,+0.3474,+0.0000) yaw=+0.02805  spine=0.0
  [base_goto B 0.13s: (+0.118,+0.347) -> (+0.117,+0.311) yaw=+0.026]
  base parked at (+0.1171,+0.3111) yaw=+0.026, err 19.3 mm (locked)
  [arm base [0.5602 0.272  0.5009]]
  anchor    glide-converged miss=  5.9mm d=(-0.2,+3.1,-5.0) base_link=(+0.1187,+0.3142) yaw=+0.029 | x 0.8403..0.8620 ( 21.7) y -0.0181..0.0058 (23.9) z 0.0009..0.1122
  anchored: free end (u+0.0597,v-0.0014) from 322 board points, want (u+0.0560,v+0.0000) -> miss (-3.7,+1.4) mm
  re-centring the arc on the measured anchor u=+0.0597
  arc80     glide-converged miss=  3.0mm d=(-1.5,+0.9,+2.5) base_link=(+0.1187,+0.3141) yaw=+0.029 | x 0.8272..0.8617 ( 34.5) y -0.0168..0.0059 (22.7) z 0.0010..0.1110
  arc70     glide-converged miss=  2.4mm d=(-2.2,+0.7,+0.7) base_link=(+0.1187,+0.3141) yaw=+0.029 | x 0.8085..0.8556 ( 47.2) y -0.0170..0.0072 (24.2) z 0.0014..0.1071
  arc60     glide-converged miss=  2.9mm d=(-2.8,+0.7,+0.0) base_link=(+0.1187,+0.3141) yaw=+0.029 | x 0.7912..0.8539 ( 62.7) y -0.0173..0.0072 (24.5) z 0.0020..0.0993
  arc50     glide-converged miss=  1.9mm d=(-1.8,+0.7,-0.2) base_link=(+0.1187,+0.3141) yaw=+0.029 | x 0.7753..0.8520 ( 76.7) y -0.0176..0.0075 (25.1) z 0.0024..0.0888
  arc40     glide-converged miss=  2.3mm d=(-1.9,+0.7,-1.1) base_link=(+0.1187,+0.3141) yaw=+0.029 | x 0.7612..0.8480 ( 86.8) y -0.0177..0.0075 (25.1) z 0.0023..0.0748
  arc32     glide-converged miss=  4.7mm d=(-2.7,+0.3,-3.9) base_link=(+0.1189,+0.3146) yaw=+0.029 | x 0.7539..0.8473 ( 93.5) y -0.0168..0.0076 (24.4) z 0.0023..0.0662
  arc release point (30 deg) reached; dropping the rest from here
  tray-lay: part-opened at z=0.060; paying the tail out | x 0.7593..0.8479 ( 88.6) y -0.0133..0.0291 (42.4) z 0.0015..0.0578
  tray-lay: ramped to (x 0.7311, z 0.037) | x 0.7636..0.8480 ( 84.4) y -0.0135..0.0309 (44.3) z 0.0012..0.0568
  released in place | x 0.7740..0.8480 ( 74.0) y -0.0139..0.0387 (52.6) z 0.0009..0.0616
  slid off the strip end | x 0.7694..0.8480 ( 78.6) y -0.0143..0.0380 (52.4) z 0.0003..0.0124
  slow shed to z=0.067 | x 0.7695..0.8479 ( 78.4) y -0.0144..0.0380 (52.4) z 0.0003..0.0127
  slow shed to z=0.097 | x 0.7682..0.8389 ( 70.6) y -0.0139..0.0382 (52.1) z -0.0000..0.0127
  jaws full-open at z=0.097 (slot un-threaded) | x 0.7605..0.8178 ( 57.3) y -0.0168..0.0428 (59.6) z 0.0000..0.0154
  slow shed to z=0.127 | x 0.7547..0.8003 ( 45.6) y 0.0166..0.0684 (51.8) z 0.0006..0.0258
  !! shed TOWED the strip 32 mm (-12,+29)
  sidestep tow-gate: pad centroid moved 15 mm after +25 mm; stopping the sidestep here
  sidestep +25 mm toward the base at z=0.127 (TOWED 15 mm!) | x 0.7598..0.7995 ( 39.7) y 0.0307..0.0842 (53.5) z 0.0010..0.0273
  guard climb to z=0.157 | x 0.7578..0.7950 ( 37.2) y 0.0374..0.0921 (54.7) z 0.0013..0.0275
  guard climb to z=0.187 | x 0.7580..0.7950 ( 37.0) y 0.0373..0.0911 (53.8) z 0.0012..0.0272
  guard climb to z=0.217 | x 0.7580..0.7950 ( 37.0) y 0.0373..0.0911 (53.8) z 0.0012..0.0272
  lifted straight to z=0.230 | x 0.7580..0.7950 ( 37.0) y 0.0373..0.0911 (53.8) z 0.0012..0.0272

final strip: x 0.7580..0.7950 ( 37.0) y 0.0373..0.0911 (53.8) z 0.0012..0.0272
target AABB x 0.7425..0.8625, y -0.0128..+0.0072 (yaw +0.0 deg)
final target AABB px (578.3,312.6,653.3,325.4)
crude bbox IoU estimate 0.000
-- live loose target bbox (236, 296, 561, 621) outranks the chain's tracked (313, 325, 578, 653) (plate moved post-track)
-- attempt 7: official evaluate sideways, raw IoU 0.0000
-- ladder horizon: 27 attempts (wall budget binds before the 36-attempt cap)
== official_run: attempt 8/36 ==
-- semantic ids locked: {'thermalpad': 2, 'target': 4, 'liner': 5}
  plate LOCKED (id 4, 709px): (0.8025,-0.0028) yaw +0.00 deg
strip at rest: x 0.7457..0.8509 (105.3) y -0.3102..-0.2899 (20.3) z 0.0833..0.1017
  liner-up confirmed on the pedestal (cyan 786px)
-x overhang 13.9 mm, ends at z=0.0917; clamp exit x=0.7575, pad centre x=0.7440, bite 11.9 mm
  base parked at (-0.0212,+0.0001) yaw=+0.000, err 1.2 mm (locked)
  [arm base [ 0.4207 -0.0498  0.5009]]
  over      pad=(0.7440,-0.2050,0.2500) miss=  1.1mm d=(-0.5,-0.2,-1.0) q_err=0.003(j1) ik=0mm corr=(+0,+1,+2) base=(0.411,-0.056,0.501) | x 0.7457..0.8509 (105.3) y -0.3102..-0.2899 (20.3) z 0.0833..0.1017
            base_link=(-0.0305,-0.0057,-0.0000) yaw=-0.00147  spine=0.0
  align     pad=(0.7440,-0.2050,0.1240) miss=  1.2mm d=(+0.2,+0.0,+1.2) q_err=0.007(j1) ik=0mm corr=(+2,+2,+3) base=(0.412,-0.056,0.501) | x 0.7457..0.8509 (105.3) y -0.3102..-0.2899 (20.3) z 0.0833..0.1017
            base_link=(-0.0302,-0.0055,-0.0000) yaw=-0.00145  spine=0.0
  .. insert: no longer improving at 2.2 mm; moving on
  insert    pad=(0.7440,-0.3000,0.1240) miss=  2.2mm d=(-2.2,+0.0,+0.4) q_err=0.004(j6) ik=0mm corr=(+3,+2,+1) base=(0.411,-0.057,0.501) | x 0.7441..0.8488 (104.8) y -0.3177..-0.2897 (28.0) z 0.0829..0.1029
            base_link=(-0.0311,-0.0061,-0.0000) yaw=-0.00150  spine=0.0
  scoop     pad=(0.7440,-0.3000,0.1470) miss=  1.4mm d=(-0.1,-0.1,-1.4) q_err=0.005(j4) ik=0mm corr=(+2,+2,+1) base=(0.411,-0.057,0.501) | x 0.7512..0.8521 (100.9) y -0.3151..-0.2893 (25.9) z 0.0878..0.1191
            base_link=(-0.0310,-0.0060,-0.0000) yaw=-0.00151  spine=0.0
  close     pad=(0.7440,-0.3000,0.1470) miss=  1.3mm d=(-0.1,-0.1,-1.3) q_err=0.004(j4) ik=0mm corr=(+2,+2,+1) base=(0.411,-0.057,0.501) | x 0.7482..0.8521 (103.9) y -0.3151..-0.2893 (25.8) z 0.0877..0.1183
            base_link=(-0.0310,-0.0061,-0.0000) yaw=-0.00151  spine=0.0
  lift      pad=(0.7440,-0.3000,0.2300) miss=  1.3mm d=(+0.3,-1.0,-0.8) q_err=0.004(j2) ik=0mm corr=(+1,-1,+1) base=(0.411,-0.056,0.501) | x 0.7418..0.7586 ( 16.8) y -0.3127..-0.2921 (20.6) z 0.1193..0.2318
            base_link=(-0.0310,-0.0062,-0.0000) yaw=-0.00002  spine=0.0
  grip CONFIRMED: strip rose to z 0.1193..0.2318 (hang 111.5 mm, so the live bite is 8.5 mm)
  reconf    pad=(0.7440,-0.3000,0.2800) miss=  1.5mm d=(+0.7,+0.6,-1.1) q_err=0.007(j4) ik=0mm corr=(+1,+2,+1) base=(0.411,-0.056,0.501) | x 0.7415..0.7583 ( 16.7) y -0.3138..-0.2923 (21.5) z 0.1688..0.2817
            base_link=(-0.0307,-0.0061,-0.0000) yaw=-0.00009  spine=0.0
  mirror: skipping the reconfiguration (placing at the grip yaw)
  flip      pad=(0.7440,-0.3000,0.2800) miss=  1.2mm d=(+0.7,+0.6,-0.8) q_err=0.005(j4) ik=0mm corr=(+1,+2,+1) base=(0.411,-0.056,0.501) | x 0.7417..0.7581 ( 16.4) y -0.3136..-0.2922 (21.4) z 0.1684..0.2813
            base_link=(-0.0307,-0.0060,-0.0000) yaw=-0.00010  spine=0.0
  hanging length measured 111.7 mm (clamp z=0.2789); arc radius 109.7 mm
  preride   pad=(0.7440,-0.3000,0.3450) miss=  0.9mm d=(+0.5,+0.5,-0.4) q_err=0.008(j4) ik=0mm corr=(+1,+2,-1) base=(0.411,-0.056,0.501) | x 0.7416..0.7586 ( 17.0) y -0.3124..-0.2908 (21.6) z 0.2332..0.3460
            base_link=(-0.0307,-0.0060,-0.0000) yaw=-0.00013  spine=0.0
  advancing the base to (+0.100,+0.320) for the place reach
  [base_goto A 0.18s: (-0.031,-0.006) -> (-0.030,-0.002) yaw=-0.006]
  [base_goto A 0.18s: (-0.030,-0.002) -> (-0.030,+0.008) yaw=-0.006]
  [base_goto A 0.18s: (-0.030,+0.008) -> (-0.030,+0.036) yaw=-0.006]
  [base_goto A 0.18s: (-0.030,+0.036) -> (-0.029,+0.104) yaw=-0.007]
  [base_goto A 0.10s: (-0.029,+0.104) -> (-0.028,+0.161) yaw=-0.007]
  [base_goto B 0.09s: (-0.028,+0.161) -> (-0.028,+0.160) yaw=-0.007]
  [base_goto B 0.13s: (-0.028,+0.160) -> (-0.028,+0.086) yaw=-0.005]
  [base_goto A 0.07s: (-0.028,+0.086) -> (-0.028,+0.080) yaw=-0.006]
  [base_goto A 0.07s: (-0.028,+0.080) -> (-0.028,+0.127) yaw=-0.006]
  base parked at (-0.0277,+0.1276) yaw=-0.006, err 7.8 mm (locked)
  [base_goto A 0.18s: (-0.028,+0.129) -> (-0.023,+0.196) yaw=-0.004]
  [base_goto A 0.18s: (-0.023,+0.196) -> (-0.022,+0.291) yaw=-0.003]
  [base_goto B 0.14s: (-0.022,+0.291) -> (-0.021,+0.301) yaw=-0.003]
  [base_goto B 0.09s: (-0.021,+0.301) -> (-0.021,+0.221) yaw=-0.002]
  [base_goto A 0.09s: (-0.021,+0.221) -> (-0.021,+0.223) yaw=-0.003]
  [base_goto A 0.13s: (-0.021,+0.223) -> (-0.021,+0.305) yaw=-0.002]
  [base_goto B 0.07s: (-0.021,+0.305) -> (-0.021,+0.316) yaw=-0.002]
  [base_goto B 0.05s: (-0.021,+0.316) -> (-0.020,+0.277) yaw=-0.001]
  base parked at (-0.0204,+0.2775) yaw=-0.001, err 21.5 mm (locked)
  [base_goto FWD 0.18s: (-0.020,+0.275) -> (-0.020,+0.266) yaw=+0.004]
  [base_goto FWD 0.18s: (-0.020,+0.266) -> (-0.004,+0.267) yaw=+0.005]
  [base_goto FWD 0.18s: (-0.004,+0.267) -> (+0.040,+0.267) yaw=+0.005]
  [base_goto FWD 0.18s: (+0.040,+0.267) -> (+0.119,+0.268) yaw=+0.006]
  [base_goto A 0.18s: (+0.119,+0.268) -> (+0.132,+0.281) yaw=-0.001]
  [base_goto A 0.18s: (+0.132,+0.281) -> (+0.133,+0.310) yaw=-0.001]
  [base_goto BACK 0.14s: (+0.133,+0.310) -> (+0.137,+0.317) yaw=+0.003]
  [base_goto BACK 0.15s: (+0.137,+0.317) -> (+0.114,+0.316) yaw=+0.003]
  base parked at (+0.1147,+0.3158) yaw=+0.003, err 14.6 mm (locked)
  base parked at (+0.1161,+0.3159) yaw=+0.003, err 16.6 mm (locked)
  [arm base [0.5658 0.2659 0.5009]]
  streaming origin reset to the ridden tool position (0.899,+0.023,0.342)
  drape v-offset +17.0 mm; shifting the clamp aim to v=-0.0170
  laid length 120.0 mm (arc radius 109.7, measured bite 11.9); anchor u=+0.0560 world (0.8585,-0.0028) yaw +0.0 deg
  carry     pad=(0.8450,-0.0198,0.2300) miss=  1.2mm d=(+0.4,+0.4,+1.1) q_err=0.008(j1) ik=0mm corr=(+2,+1,+3) base=(0.566,0.265,0.501) | x 0.8431..0.8617 ( 18.5) y -0.0145..0.0084 (22.9) z 0.1198..0.2324
            base_link=(+0.1238,+0.3152,+0.0000) yaw=+0.00104  spine=0.0
  [base_goto BACK 0.10s: (+0.124,+0.315) -> (+0.123,+0.315) yaw=+0.003]
  [base_goto BACK 0.10s: (+0.123,+0.315) -> (+0.119,+0.315) yaw=+0.004]
  base parked at (+0.1189,+0.3146) yaw=+0.004, err 19.7 mm (locked)
  [arm base [0.5717 0.2714 0.5009]]
  anchor    glide-converged miss=  5.6mm d=(-1.4,-0.5,-5.4) base_link=(+0.1380,+0.3252) yaw=+0.008 | x 0.8419..0.8634 ( 21.5) y -0.0129..0.0115 (24.4) z 0.0009..0.1111
  anchored: free end (u+0.0612,v+0.0043) from 322 board points, want (u+0.0560,v+0.0000) -> miss (-5.2,-4.3) mm
  .. anchor lateral miss -4.3 mm trips the 4 mm gate with retries left; peeling and re-landing instead of burning the draw
  retrying the touchdown from clamp (u+0.0374,v-0.0196)
  relift0   pad=(0.8399,-0.0224,0.2300) miss=  0.5mm d=(+0.4,+0.3,+0.0) q_err=0.009(j4) ik=0mm corr=(+2,+2,-1) base=(0.581,0.279,0.501) | x 0.8372..0.8575 ( 20.3) y -0.0145..0.0131 (27.6) z 0.1210..0.2322
            base_link=(+0.1383,+0.3253,-0.0000) yaw=+0.00758  spine=0.0
  [base_goto BACK 0.15s: (+0.138,+0.325) -> (+0.125,+0.324) yaw=+0.010]
  [base_goto BACK 0.10s: (+0.125,+0.324) -> (+0.126,+0.325) yaw=+0.011]
  [base_goto BACK 0.10s: (+0.126,+0.325) -> (+0.126,+0.325) yaw=+0.010]
  [base_goto BACK 0.28s: (+0.126,+0.325) -> (+0.104,+0.325) yaw=+0.011]
  base parked at (+0.1044,+0.3246) yaw=+0.011, err 6.3 mm (locked)
  [arm base [0.5505 0.281  0.5008]]
  anchor1   glide-converged miss=  6.8mm d=(+3.9,+1.9,-5.2) base_link=(+0.1068,+0.3254) yaw=+0.011 | x 0.8329..0.8549 ( 22.0) y -0.0159..0.0111 (27.0) z 0.0020..0.1103
  anchored: free end (u+0.0510,v+0.0039) from 242 board points, want (u+0.0560,v+0.0000) -> miss (+5.0,-3.9) mm
  re-centring the arc on the measured anchor u=+0.0510
  arc80     glide-converged miss=  4.0mm d=(-2.7,+1.7,+2.5) base_link=(+0.1068,+0.3254) yaw=+0.011 | x 0.8170..0.8530 ( 36.1) y -0.0127..0.0109 (23.6) z 0.0023..0.1098
  arc70     glide-converged miss=  2.9mm d=(-2.6,+1.1,+0.6) base_link=(+0.1067,+0.3253) yaw=+0.011 | x 0.7977..0.8490 ( 51.3) y -0.0125..0.0100 (22.5) z 0.0023..0.1050
  arc60     glide-converged miss=  2.4mm d=(-2.2,+1.0,-0.0) base_link=(+0.1067,+0.3253) yaw=+0.011 | x 0.7803..0.8444 ( 64.1) y -0.0125..0.0104 (22.9) z 0.0021..0.0971
  arc50     glide-converged miss=  2.3mm d=(-2.0,+1.0,-0.6) base_link=(+0.1067,+0.3253) yaw=+0.011 | x 0.7640..0.8386 ( 74.6) y -0.0124..0.0107 (23.1) z 0.0023..0.0870
  arc40     glide-converged miss=  2.3mm d=(-1.7,+0.9,-1.1) base_link=(+0.1067,+0.3253) yaw=+0.011 | x 0.7508..0.8369 ( 86.1) y -0.0123..0.0109 (23.2) z 0.0022..0.0742
  arc32     glide-converged miss=  5.2mm d=(-3.0,+0.4,-4.3) base_link=(+0.1073,+0.3258) yaw=+0.011 | x 0.7447..0.8361 ( 91.4) y -0.0123..0.0108 (23.1) z 0.0021..0.0654
  arc release point (30 deg) reached; dropping the rest from here
  tray-lay: part-opened at z=0.059; paying the tail out | x 0.7463..0.8361 ( 89.8) y -0.0125..0.0106 (23.1) z 0.0021..0.0660
  tray-lay: ramped to (x 0.7230, z 0.037) | x 0.7464..0.8359 ( 89.5) y -0.0125..0.0104 (23.0) z 0.0020..0.0673
  released in place | x 0.7617..0.8357 ( 74.0) y -0.0132..0.0303 (43.5) z 0.0013..0.0619
  [arm base [0.5834 0.3256 0.503 ]]
  slid off the strip end | x 0.7548..0.8361 ( 81.4) y -0.0135..0.0313 (44.8) z 0.0004..0.0132
  slow shed to z=0.067 | x 0.7548..0.8364 ( 81.6) y -0.0135..0.0312 (44.6) z 0.0004..0.0133
  slow shed to z=0.097 | x 0.7549..0.8364 ( 81.5) y -0.0134..0.0313 (44.7) z 0.0004..0.0134
  jaws full-open at z=0.097 (slot un-threaded) | x 0.7549..0.8364 ( 81.5) y -0.0134..0.0313 (44.7) z 0.0004..0.0134
  slow shed to z=0.127 | x 0.7476..0.8294 ( 81.8) y 0.0037..0.0627 (59.0) z 0.0013..0.0158
  !! shed TOWED the strip 25 mm (-7,+24)
  sidestep tow-gate: pad centroid moved 13 mm after +25 mm; stopping the sidestep here
  sidestep +25 mm toward the base at z=0.127 (TOWED 13 mm!) | x 0.7497..0.8262 ( 76.5) y 0.0122..0.0797 (67.4) z 0.0014..0.0132
  guard climb to z=0.157 | x 0.7504..0.8247 ( 74.3) y 0.0182..0.0883 (70.1) z 0.0014..0.0143
  guard climb to z=0.187 | x 0.7509..0.8248 ( 74.0) y 0.0181..0.0878 (69.7) z 0.0014..0.0142
  guard climb to z=0.217 | x 0.7509..0.8248 ( 74.0) y 0.0181..0.0878 (69.7) z 0.0014..0.0142
  lifted straight to z=0.230 | x 0.7509..0.8248 ( 74.0) y 0.0181..0.0878 (69.7) z 0.0014..0.0142

final strip: x 0.7509..0.8248 ( 74.0) y 0.0181..0.0878 (69.7) z 0.0014..0.0142
target AABB x 0.7425..0.8625, y -0.0128..+0.0072 (yaw +0.0 deg)
final target AABB px (578.3,312.6,653.3,325.4)
crude bbox IoU estimate 0.000
-- live loose target bbox (264, 313, 577, 646) outranks the chain's tracked (313, 325, 578, 653) (plate moved post-track)
-- attempt 8: official evaluate sideways, raw IoU 0.0000
-- ladder horizon: 26 attempts (wall budget binds before the 36-attempt cap)
== official_run: attempt 9/36 ==
-- semantic ids locked: {'thermalpad': 2, 'target': 4, 'liner': 5}
  plate LOCKED (id 4, 709px): (0.8025,-0.0028) yaw +0.00 deg
strip at rest: x 0.7457..0.8510 (105.4) y -0.3102..-0.2899 (20.3) z 0.0833..0.1017
  liner-up confirmed on the pedestal (cyan 794px)
-x overhang 13.9 mm, ends at z=0.0917; clamp exit x=0.7575, pad centre x=0.7440, bite 11.9 mm
  base parked at (-0.0210,+0.0001) yaw=+0.000, err 1.0 mm (locked)
  [arm base [ 0.4209 -0.0498  0.5009]]
  over      pad=(0.7440,-0.2050,0.2500) miss=  1.4mm d=(-1.0,-0.4,-1.0) q_err=0.006(j7) ik=0mm corr=(-1,+0,+2) base=(0.416,-0.054,0.501) | x 0.7457..0.8510 (105.4) y -0.3102..-0.2899 (20.3) z 0.0833..0.1017
            base_link=(-0.0263,-0.0028,-0.0000) yaw=-0.00173  spine=0.0
  align     pad=(0.7440,-0.2050,0.1240) miss=  1.5mm d=(+0.1,-0.0,+1.5) q_err=0.009(j4) ik=0mm corr=(+2,+2,+3) base=(0.415,-0.054,0.501) | x 0.7457..0.8510 (105.4) y -0.3102..-0.2899 (20.3) z 0.0833..0.1017
            base_link=(-0.0266,-0.0030,-0.0000) yaw=-0.00176  spine=0.0
  .. insert: no longer improving at 3.3 mm; moving on
  insert    pad=(0.7440,-0.3000,0.1240) miss=  3.3mm d=(-3.2,-0.8,+0.2) q_err=0.004(j7) ik=0mm corr=(+3,+3,+1) base=(0.414,-0.055,0.501) | x 0.7442..0.8492 (105.0) y -0.3179..-0.2897 (28.2) z 0.0830..0.1027
            base_link=(-0.0278,-0.0039,-0.0000) yaw=-0.00164  spine=0.0
  .. insert overshot x by -3.2 mm; backing out and re-approaching with the aim biased
  insert-out pad=(0.7440,-0.2050,0.1240) miss=  0.9mm d=(-0.2,-0.9,+0.0) q_err=0.006(j4) ik=0mm corr=(+2,+1,+3) base=(0.414,-0.055,0.501) | x 0.7442..0.8489 (104.7) y -0.3175..-0.2897 (27.7) z 0.0829..0.1029
            base_link=(-0.0278,-0.0039,-0.0000) yaw=-0.00143  spine=0.0
  .. insert: no longer improving at 106.6 mm; moving on
  insert    pad=(0.7440,-0.3000,0.1240) miss=106.6mm d=(+20.1,-35.6,+98.5) q_err=0.597(j6) ik=0mm corr=(-1,-33,+25) base=(0.421,-0.020,0.500) | x 0.7489..0.8519 (103.0) y -0.3216..-0.2871 (34.4) z 0.0835..0.1038
            base_link=(-0.0225,+0.0064,-0.0000) yaw=+0.05308  spine=1e-05
  !! insert did not converge (d=(20.1,-35.6,98.5) mm vs gate (3, 12, 8) / retry x 3.8); NOT closing — aborting
-- attempt 9: chain aborted (fail-closed, arms parked)
-- ladder horizon: 29 attempts (wall budget binds before the 36-attempt cap)
== official_run: attempt 10/36 ==
!! id capture: ids not inferable (scene not in a clean start configuration?)
!! attempt start: scene is not in a clean start configuration — resetting before spending the attempt
-- semantic ids locked: {'thermalpad': 2, 'target': 4, 'liner': 5}
  plate LOCKED (id 4, 709px): (0.8025,-0.0028) yaw +0.00 deg
strip at rest: x 0.7457..0.8510 (105.3) y -0.3103..-0.2899 (20.4) z 0.0833..0.1017
  liner-up confirmed on the pedestal (cyan 774px)
-x overhang 13.8 mm, ends at z=0.0917; clamp exit x=0.7576, pad centre x=0.7441, bite 11.8 mm
  base parked at (-0.0194,+0.0002) yaw=+0.000, err 0.6 mm (locked)
  [arm base [ 0.4225 -0.0498  0.5008]]
  .. over: no longer improving at 5.7 mm; moving on
  over      pad=(0.7441,-0.2050,0.2500) miss=  5.7mm d=(+1.1,+4.2,-3.8) q_err=0.013(j4) ik=0mm corr=(+2,+1,+4) base=(0.420,-0.048,0.501) | x 0.7457..0.8510 (105.3) y -0.3103..-0.2899 (20.4) z 0.0833..0.1017
            base_link=(-0.0217,+0.0003,-0.0000) yaw=+0.00436  spine=0.0
  align     pad=(0.7441,-0.2050,0.1240) miss=  0.4mm d=(-0.2,-0.2,+0.2) q_err=0.007(j1) ik=0mm corr=(+2,+2,+4) base=(0.421,-0.047,0.501) | x 0.7457..0.8510 (105.3) y -0.3103..-0.2899 (20.4) z 0.0833..0.1017
            base_link=(-0.0210,+0.0008,-0.0000) yaw=+0.00425  spine=0.0
  .. insert: no longer improving at 3.3 mm; moving on
  insert    pad=(0.7441,-0.3000,0.1240) miss=  3.3mm d=(-3.3,-0.3,-0.3) q_err=0.005(j6) ik=0mm corr=(+3,+3,+1) base=(0.418,-0.049,0.501) | x 0.7453..0.8493 (104.1) y -0.3178..-0.2898 (28.0) z 0.0830..0.1027
            base_link=(-0.0239,-0.0013,-0.0000) yaw=+0.00431  spine=0.0
  .. insert overshot x by -3.3 mm; backing out and re-approaching with the aim biased
  insert-out pad=(0.7441,-0.2050,0.1240) miss=  1.0mm d=(+0.2,-1.0,+0.2) q_err=0.008(j4) ik=0mm corr=(+2,+0,+3) base=(0.418,-0.049,0.501) | x 0.7445..0.8487 (104.2) y -0.3176..-0.2896 (28.0) z 0.0828..0.1029
            base_link=(-0.0238,-0.0013,-0.0000) yaw=+0.00426  spine=0.0
  .. insert: no longer improving at 3.3 mm; moving on
  insert    pad=(0.7441,-0.3000,0.1240) miss=  3.3mm d=(-3.3,+0.2,+0.2) q_err=0.005(j7) ik=0mm corr=(+3,+2,+1) base=(0.416,-0.051,0.501) | x 0.7442..0.8485 (104.3) y -0.3180..-0.2891 (28.9) z 0.0826..0.1031
            base_link=(-0.0259,-0.0028,-0.0000) yaw=+0.00438  spine=0.0
  .. insert stalled at -3.3 mm x after the biased retry — inside the post-retry gate (3.8 mm); closing on the deeper bite
  scoop     pad=(0.7441,-0.3000,0.1470) miss=  1.2mm d=(+0.3,+0.2,-1.1) q_err=0.008(j4) ik=0mm corr=(+2,+2,+0) base=(0.416,-0.051,0.501) | x 0.7513..0.8521 (100.8) y -0.3157..-0.2886 (27.1) z 0.0877..0.1182
            base_link=(-0.0259,-0.0027,-0.0000) yaw=+0.00437  spine=0.0
  close     pad=(0.7441,-0.3000,0.1470) miss=  0.4mm d=(+0.2,+0.1,-0.4) q_err=0.006(j4) ik=0mm corr=(+2,+2,+0) base=(0.416,-0.051,0.501) | x 0.7459..0.8521 (106.2) y -0.3157..-0.2887 (27.1) z 0.0877..0.1157
            base_link=(-0.0259,-0.0027,-0.0000) yaw=+0.00433  spine=0.0
  lift      pad=(0.7441,-0.3000,0.2300) miss=  1.0mm d=(+0.2,-0.7,-0.6) q_err=0.004(j4) ik=0mm corr=(+0,-2,+1) base=(0.417,-0.050,0.501) | x 0.7420..0.7588 ( 16.8) y -0.3140..-0.2938 (20.2) z 0.1178..0.2313
            base_link=(-0.0252,-0.0023,-0.0000) yaw=+0.00441  spine=0.0
  grip CONFIRMED: strip rose to z 0.1178..0.2313 (hang 112.9 mm, so the live bite is 7.1 mm)
  reconf    pad=(0.7441,-0.3000,0.2800) miss=  1.1mm d=(-0.1,+0.1,-1.1) q_err=0.006(j4) ik=0mm corr=(+1,+1,+0) base=(0.417,-0.050,0.501) | x 0.7426..0.7587 ( 16.2) y -0.3149..-0.2928 (22.1) z 0.1675..0.2811
            base_link=(-0.0251,-0.0022,-0.0000) yaw=+0.00445  spine=0.0
  mirror: skipping the reconfiguration (placing at the grip yaw)
  flip      pad=(0.7441,-0.3000,0.2800) miss=  0.5mm d=(+0.0,+0.2,-0.5) q_err=0.003(j4) ik=0mm corr=(+1,+1,+0) base=(0.417,-0.050,0.501) | x 0.7426..0.7587 ( 16.2) y -0.3149..-0.2928 (22.1) z 0.1675..0.2811
            base_link=(-0.0251,-0.0022,-0.0000) yaw=+0.00439  spine=0.0
  hanging length measured 112.5 mm (clamp z=0.2784); arc radius 110.5 mm
  preride   pad=(0.7441,-0.3000,0.3450) miss=  1.1mm d=(+0.2,+0.4,-1.0) q_err=0.006(j4) ik=0mm corr=(+1,+2,-1) base=(0.417,-0.050,0.501) | x 0.7425..0.7585 ( 15.9) y -0.3137..-0.2918 (21.9) z 0.2327..0.3463
            base_link=(-0.0251,-0.0022,-0.0000) yaw=+0.00438  spine=0.0
  advancing the base to (+0.100,+0.320) for the place reach
  [base_goto A 0.18s: (-0.025,-0.002) -> (-0.025,+0.003) yaw=-0.000]
  [base_goto A 0.18s: (-0.025,+0.003) -> (-0.025,+0.019) yaw=-0.001]
  [base_goto A 0.18s: (-0.025,+0.019) -> (-0.024,+0.056) yaw=-0.001]
  [base_goto A 0.18s: (-0.024,+0.056) -> (-0.024,+0.137) yaw=-0.002]
  base parked at (-0.0241,+0.1386) yaw=-0.002, err 10.2 mm (locked)
  [base_goto A 0.18s: (-0.024,+0.140) -> (-0.018,+0.216) yaw=+0.000]
  [base_goto A 0.16s: (-0.018,+0.216) -> (-0.017,+0.309) yaw=+0.000]
  [base_goto B 0.09s: (-0.017,+0.309) -> (-0.017,+0.319) yaw=+0.000]
  [base_goto B 0.05s: (-0.017,+0.319) -> (-0.017,+0.279) yaw=+0.000]
  base parked at (-0.0169,+0.2792) yaw=+0.000, err 23.4 mm (locked)
  [base_goto FWD 0.18s: (-0.017,+0.277) -> (-0.013,+0.272) yaw=+0.002]
  [base_goto FWD 0.18s: (-0.013,+0.272) -> (+0.004,+0.272) yaw=+0.003]
  [base_goto FWD 0.18s: (+0.004,+0.272) -> (+0.059,+0.273) yaw=+0.003]
  [base_goto A 0.18s: (+0.059,+0.273) -> (+0.070,+0.282) yaw=+0.004]
  [base_goto A 0.18s: (+0.070,+0.282) -> (+0.071,+0.312) yaw=+0.004]
  [base_goto FWD 0.12s: (+0.071,+0.312) -> (+0.074,+0.318) yaw=+0.005]
  [base_goto FWD 0.10s: (+0.074,+0.318) -> (+0.079,+0.320) yaw=+0.009]
  base parked at (+0.0789,+0.3202) yaw=+0.009, err 21.1 mm (locked)
  [base_goto FWD 0.08s: (+0.079,+0.320) -> (+0.082,+0.322) yaw=+0.010]
  base parked at (+0.0823,+0.3225) yaw=+0.010, err 17.8 mm (locked)
  [arm base [0.5259 0.2785 0.5009]]
  streaming origin reset to the ridden tool position (0.855,+0.032,0.343)
  drape v-offset +11.7 mm; shifting the clamp aim to v=-0.0117
  laid length 120.0 mm (arc radius 110.5, measured bite 11.8); anchor u=+0.0560 world (0.8585,-0.0028) yaw +0.0 deg
  carry     pad=(0.8450,-0.0145,0.2300) miss=  1.0mm d=(-0.2,+0.0,+1.0) q_err=0.010(j1) ik=0mm corr=(+2,+2,+4) base=(0.527,0.280,0.501) | x 0.8436..0.8617 ( 18.1) y -0.0152..0.0101 (25.3) z 0.1176..0.2309
            base_link=(+0.0850,+0.3248,+0.0000) yaw=+0.01199  spine=1e-05
  base parked at (+0.0850,+0.3248) yaw=+0.012, err 15.8 mm (locked)
  [arm base [0.5274 0.2817 0.5009]]
  anchor    glide-converged miss=  7.5mm d=(-2.2,-2.2,-6.8) base_link=(+0.0896,+0.3308) yaw=+0.017 | x 0.8424..0.8623 ( 19.8) y -0.0149..0.0131 (28.0) z 0.0009..0.1096
  anchored: free end (u+0.0603,v-0.0023) from 322 board points, want (u+0.0560,v+0.0000) -> miss (-4.3,+2.3) mm
  re-centring the arc on the measured anchor u=+0.0603
  arc80     glide-converged miss=  3.4mm d=(-2.2,-0.9,+2.3) base_link=(+0.0905,+0.3320) yaw=+0.017 | x 0.8288..0.8618 ( 33.1) y -0.0149..0.0116 (26.5) z 0.0009..0.1091
  arc70     glide-converged miss=  3.5mm d=(-3.4,-0.5,+0.8) base_link=(+0.0913,+0.3330) yaw=+0.017 | x 0.8117..0.8598 ( 48.1) y -0.0150..0.0115 (26.4) z 0.0011..0.1052
  arc60     glide-converged miss=  4.0mm d=(-3.9,-0.5,-0.7) base_link=(+0.0920,+0.3340) yaw=+0.017 | x 0.7930..0.8576 ( 64.6) y -0.0153..0.0116 (26.9) z 0.0015..0.0979
  arc50     glide-converged miss=  3.0mm d=(-2.9,-0.3,-0.7) base_link=(+0.0928,+0.3350) yaw=+0.017 | x 0.7773..0.8553 ( 78.0) y -0.0152..0.0117 (26.9) z 0.0024..0.0868
  arc40     glide-converged miss=  3.0mm d=(-2.7,-0.7,-1.2) base_link=(+0.0937,+0.3361) yaw=+0.018 | x 0.7631..0.8534 ( 90.3) y -0.0151..0.0122 (27.2) z 0.0024..0.0728
  arc32     glide-converged miss=  5.5mm d=(-3.7,-1.4,-3.8) base_link=(+0.0949,+0.3375) yaw=+0.019 | x 0.7575..0.8526 ( 95.1) y -0.0146..0.0130 (27.6) z 0.0024..0.0645
  arc release point (30 deg) reached; dropping the rest from here
  tray-lay: part-opened at z=0.060; paying the tail out | x 0.7682..0.8525 ( 84.3) y -0.0154..0.0355 (50.9) z 0.0014..0.0526
  tray-lay: ramped to (x 0.7316, z 0.037) | x 0.7690..0.8525 ( 83.5) y -0.0158..0.0359 (51.7) z 0.0013..0.0532
  released in place | x 0.7746..0.8525 ( 77.9) y -0.0162..0.0441 (60.3) z 0.0013..0.0603
  [arm base [0.5789 0.3606 0.5044]]
  slid off the strip end | x 0.7682..0.8526 ( 84.3) y -0.0181..0.0356 (53.7) z 0.0004..0.0121
  slow shed to z=0.067 | x 0.7689..0.8525 ( 83.7) y -0.0186..0.0353 (53.9) z 0.0004..0.0123
  slow shed to z=0.097 | x 0.7677..0.8523 ( 84.6) y -0.0187..0.0383 (57.0) z 0.0001..0.0097
  jaws full-open at z=0.097 (slot un-threaded) | x 0.7665..0.8513 ( 84.8) y -0.0195..0.0383 (57.8) z 0.0001..0.0089
  sidestep tow-gate: pad centroid moved 16 mm after +25 mm; stopping the sidestep here
  sidestep +25 mm toward the base at z=0.097 (TOWED 16 mm!) | x 0.7573..0.8453 ( 88.0) y -0.0164..0.0640 (80.4) z 0.0002..0.0115
  slow shed to z=0.127 | x 0.7572..0.8437 ( 86.5) y -0.0161..0.0611 (77.2) z 0.0000..0.0127
  guard climb to z=0.157 | x 0.7572..0.8435 ( 86.3) y -0.0163..0.0609 (77.2) z 0.0000..0.0128
  guard climb to z=0.187 | x 0.7572..0.8435 ( 86.3) y -0.0163..0.0609 (77.2) z 0.0000..0.0128
  guard climb to z=0.217 | x 0.7572..0.8435 ( 86.3) y -0.0163..0.0609 (77.2) z 0.0000..0.0128
  lifted straight to z=0.230 | x 0.7572..0.8435 ( 86.3) y -0.0163..0.0609 (77.2) z 0.0000..0.0128

final strip: x 0.7572..0.8435 ( 86.3) y -0.0163..0.0609 (77.2) z 0.0000..0.0128
target AABB x 0.7425..0.8625, y -0.0128..+0.0072 (yaw +0.0 deg)
final target AABB px (578.3,312.6,653.3,325.4)
crude bbox IoU estimate 0.235
-- attempt 10: official evaluate both_liner_dominant, raw IoU 0.3023
-- ladder horizon: 28 attempts (wall budget binds before the 36-attempt cap)
== official_run: attempt 11/36 ==
-- semantic ids locked: {'thermalpad': 2, 'target': 4, 'liner': 5}
  plate LOCKED (id 4, 709px): (0.8025,-0.0028) yaw +0.00 deg
strip at rest: x 0.7457..0.8510 (105.3) y -0.3103..-0.2899 (20.3) z 0.0833..0.1017
  liner-up confirmed on the pedestal (cyan 776px)
-x overhang 13.9 mm, ends at z=0.0917; clamp exit x=0.7575, pad centre x=0.7440, bite 11.9 mm
  base parked at (-0.0210,+0.0001) yaw=+0.000, err 1.0 mm (locked)
  [arm base [ 0.4209 -0.0498  0.5009]]
  .. over: no longer improving at 2.0 mm; moving on
  over      pad=(0.7440,-0.2050,0.2500) miss=  2.0mm d=(-1.4,-0.9,-1.1) q_err=0.004(j7) ik=0mm corr=(+1,+1,+2) base=(0.411,-0.057,0.501) | x 0.7457..0.8510 (105.3) y -0.3103..-0.2899 (20.3) z 0.0833..0.1017
            base_link=(-0.0311,-0.0061,-0.0000) yaw=-0.00305  spine=0.0
  align     pad=(0.7440,-0.2050,0.1240) miss=  0.9mm d=(+0.2,+0.1,+0.8) q_err=0.007(j1) ik=0mm corr=(+2,+2,+4) base=(0.411,-0.057,0.501) | x 0.7457..0.8510 (105.3) y -0.3103..-0.2899 (20.3) z 0.0833..0.1017
            base_link=(-0.0310,-0.0059,-0.0000) yaw=-0.00304  spine=0.0
  .. insert: no longer improving at 2.6 mm; moving on
  insert    pad=(0.7440,-0.3000,0.1240) miss=  2.6mm d=(-2.6,-0.2,+0.2) q_err=0.004(j6) ik=0mm corr=(+3,+2,+1) base=(0.411,-0.058,0.501) | x 0.7454..0.8491 (103.7) y -0.3177..-0.2897 (28.1) z 0.0830..0.1028
            base_link=(-0.0311,-0.0061,-0.0000) yaw=-0.00304  spine=0.0
  scoop     pad=(0.7440,-0.3000,0.1470) miss=  1.0mm d=(-0.1,-0.0,-1.0) q_err=0.009(j4) ik=0mm corr=(+2,+2,+1) base=(0.411,-0.057,0.501) | x 0.7439..0.8514 (107.5) y -0.3158..-0.2894 (26.4) z 0.0855..0.1114
            base_link=(-0.0309,-0.0059,-0.0000) yaw=-0.00305  spine=0.0
  close     pad=(0.7440,-0.3000,0.1470) miss=  0.6mm d=(-0.2,-0.2,-0.5) q_err=0.006(j4) ik=0mm corr=(+2,+2,+1) base=(0.411,-0.057,0.501) | x 0.7418..0.8514 (109.6) y -0.3158..-0.2895 (26.3) z 0.0856..0.1049
            base_link=(-0.0309,-0.0059,-0.0000) yaw=-0.00303  spine=0.0
  lift      pad=(0.7440,-0.3000,0.2300) miss=  0.6mm d=(+0.2,+0.3,-0.5) q_err=0.007(j3) ik=0mm corr=(+1,-4,-1) base=(0.411,-0.057,0.501) | x 0.7423..0.7590 ( 16.7) y -0.3161..-0.2957 (20.4) z 0.1167..0.2303
            base_link=(-0.0308,-0.0059,-0.0000) yaw=-0.00225  spine=0.0
  grip CONFIRMED: strip rose to z 0.1167..0.2303 (hang 113.8 mm, so the live bite is 6.2 mm)
  reconf    pad=(0.7440,-0.3000,0.2800) miss=  1.3mm d=(-0.4,+0.0,-1.2) q_err=0.011(j5) ik=0mm corr=(+2,+6,+6) base=(0.411,-0.057,0.501) | x 0.7434..0.7591 ( 15.7) y -0.3126..-0.2895 (23.1) z 0.1708..0.2844
            base_link=(-0.0308,-0.0059,-0.0000) yaw=-0.00258  spine=0.0
  mirror: skipping the reconfiguration (placing at the grip yaw)
  .. flip: no longer improving at 5.4 mm; moving on
  flip      pad=(0.7440,-0.3000,0.2800) miss=  5.4mm d=(-0.6,-3.8,-3.7) q_err=0.005(j5) ik=0mm corr=(+1,+2,+2) base=(0.411,-0.057,0.501) | x 0.7435..0.7594 ( 15.9) y -0.3098..-0.2884 (21.4) z 0.1715..0.2851
            base_link=(-0.0309,-0.0060,-0.0000) yaw=-0.00253  spine=0.0
  hanging length measured 112.5 mm (clamp z=0.2794); arc radius 110.5 mm
  preride   pad=(0.7440,-0.3000,0.3450) miss=  1.3mm d=(+0.1,+0.1,-1.3) q_err=0.007(j4) ik=0mm corr=(+1,+2,+0) base=(0.411,-0.057,0.501) | x 0.7427..0.7591 ( 16.4) y -0.3132..-0.2918 (21.5) z 0.2331..0.3466
            base_link=(-0.0309,-0.0060,-0.0000) yaw=-0.00247  spine=0.0
  advancing the base to (+0.100,+0.320) for the place reach
  [base_goto A 0.18s: (-0.031,-0.006) -> (-0.030,-0.002) yaw=-0.006]
  [base_goto A 0.18s: (-0.030,-0.002) -> (-0.030,+0.009) yaw=-0.007]
  [base_goto A 0.18s: (-0.030,+0.009) -> (-0.030,+0.030) yaw=-0.007]
  [base_goto A 0.18s: (-0.030,+0.030) -> (-0.030,+0.086) yaw=-0.007]
  [base_goto A 0.17s: (-0.030,+0.086) -> (-0.029,+0.168) yaw=-0.007]
  [base_goto B 0.16s: (-0.029,+0.168) -> (-0.029,+0.178) yaw=-0.007]
  [base_goto B 0.09s: (-0.029,+0.178) -> (-0.029,+0.099) yaw=-0.007]
  [base_goto A 0.09s: (-0.029,+0.099) -> (-0.029,+0.098) yaw=-0.008]
  [base_goto A 0.12s: (-0.029,+0.098) -> (-0.029,+0.145) yaw=-0.007]
  base parked at (-0.0291,+0.1463) yaw=-0.008, err 19.7 mm (locked)
  [base_goto A 0.18s: (-0.029,+0.148) -> (-0.024,+0.212) yaw=-0.002]
  [base_goto A 0.18s: (-0.024,+0.212) -> (-0.023,+0.306) yaw=-0.003]
  [base_goto B 0.18s: (-0.023,+0.306) -> (-0.023,+0.277) yaw=-0.003]
  base parked at (-0.0230,+0.2766) yaw=-0.003, err 20.8 mm (locked)
  [base_goto FWD 0.18s: (-0.023,+0.276) -> (-0.024,+0.268) yaw=+0.002]
  [base_goto FWD 0.18s: (-0.024,+0.268) -> (-0.006,+0.269) yaw=+0.003]
  [base_goto FWD 0.18s: (-0.006,+0.269) -> (+0.028,+0.269) yaw=+0.004]
  [base_goto FWD 0.18s: (+0.028,+0.269) -> (+0.105,+0.269) yaw=+0.004]
  [base_goto A 0.18s: (+0.105,+0.269) -> (+0.118,+0.282) yaw=+0.020]
  [base_goto A 0.17s: (+0.118,+0.282) -> (+0.119,+0.312) yaw=+0.019]
  base parked at (+0.1186,+0.3119) yaw=+0.019, err 20.3 mm (locked)
  base parked at (+0.1186,+0.3132) yaw=+0.019, err 19.8 mm (locked)
  [arm base [0.5637 0.2835 0.5009]]
  streaming origin reset to the ridden tool position (0.905,+0.053,0.343)
  drape v-offset +12.2 mm; shifting the clamp aim to v=-0.0122
  laid length 120.0 mm (arc radius 110.5, measured bite 11.9); anchor u=+0.0560 world (0.8585,-0.0028) yaw +0.0 deg
  carry     pad=(0.8450,-0.0151,0.2300) miss=  0.2mm d=(-0.1,+0.1,+0.2) q_err=0.010(j1) ik=0mm corr=(+3,+4,+5) base=(0.568,0.292,0.501) | x 0.8437..0.8614 ( 17.8) y -0.0174..0.0099 (27.3) z 0.1178..0.2313
            base_link=(+0.1253,+0.3288,+0.0000) yaw=+0.03043  spine=0.0
  [base_goto BACK 0.11s: (+0.125,+0.329) -> (+0.125,+0.329) yaw=+0.034]
  [base_goto BACK 0.10s: (+0.125,+0.329) -> (+0.120,+0.329) yaw=+0.035]
  [base_goto BACK 0.28s: (+0.120,+0.329) -> (+0.096,+0.328) yaw=+0.036]
  base parked at (+0.0953,+0.3279) yaw=+0.036, err 9.1 mm (locked)
  [arm base [0.541  0.2948 0.5009]]
  anchor    glide-converged miss=  5.7mm d=(+2.4,+0.9,-5.0) base_link=(+0.0977,+0.3295) yaw=+0.035 | x 0.8404..0.8586 ( 18.2) y -0.0147..0.0096 (24.3) z 0.0009..0.1097
  anchored: free end (u+0.0545,v-0.0018) from 322 board points, want (u+0.0560,v+0.0000) -> miss (+1.5,+1.8) mm
  arc80     glide-converged miss=  3.1mm d=(-1.9,+1.0,+2.2) base_link=(+0.0978,+0.3296) yaw=+0.034 | x 0.8258..0.8629 ( 37.1) y -0.0152..0.0102 (25.4) z 0.0008..0.1093
  arc70     glide-converged miss=  2.9mm d=(-2.7,+1.0,+0.5) base_link=(+0.0978,+0.3296) yaw=+0.034 | x 0.8067..0.8559 ( 49.2) y -0.0143..0.0103 (24.7) z 0.0017..0.1056
  arc60     glide-converged miss=  2.2mm d=(-1.9,+1.0,+0.1) base_link=(+0.0978,+0.3296) yaw=+0.034 | x 0.7893..0.8540 ( 64.7) y -0.0143..0.0105 (24.7) z 0.0018..0.0978
  arc50     glide-converged miss=  1.7mm d=(-1.4,+0.9,-0.3) base_link=(+0.0978,+0.3296) yaw=+0.034 | x 0.7726..0.8508 ( 78.2) y -0.0143..0.0106 (24.9) z 0.0025..0.0865
  arc40     glide-converged miss=  3.4mm d=(-2.6,+0.9,-2.0) base_link=(+0.0978,+0.3296) yaw=+0.035 | x 0.7608..0.8490 ( 88.1) y -0.0143..0.0105 (24.8) z 0.0022..0.0745
  arc32     glide-converged miss=  4.7mm d=(-2.7,+0.4,-3.8) base_link=(+0.0981,+0.3298) yaw=+0.035 | x 0.7537..0.8479 ( 94.2) y -0.0140..0.0109 (24.8) z 0.0023..0.0652
  arc release point (30 deg) reached; dropping the rest from here
  tray-lay: part-opened at z=0.060; paying the tail out | x 0.7557..0.8476 ( 91.8) y -0.0137..0.0108 (24.5) z 0.0021..0.0690
  tray-lay: ramped to (x 0.7273, z 0.037) | x 0.7556..0.8475 ( 91.9) y -0.0137..0.0097 (23.4) z 0.0021..0.0688
  released in place | x 0.7671..0.8458 ( 78.7) y -0.0131..0.0252 (38.3) z 0.0013..0.0550
  [arm base [0.5775 0.3399 0.5013]]
  slid off the strip end | x 0.7613..0.8458 ( 84.5) y -0.0132..0.0221 (35.3) z 0.0014..0.0144
  slow shed to z=0.067 | x 0.7617..0.8459 ( 84.1) y -0.0133..0.0219 (35.2) z 0.0009..0.0140
  slow shed to z=0.097 | x 0.7598..0.8459 ( 86.1) y -0.0132..0.0259 (39.0) z 0.0004..0.0118
  jaws full-open at z=0.097 (slot un-threaded) | x 0.7571..0.8446 ( 87.5) y -0.0132..0.0291 (42.3) z 0.0001..0.0121
  slow shed to z=0.127 | x 0.7603..0.8469 ( 86.6) y 0.0267..0.0728 (46.1) z -0.0001..0.0120
  !! shed TOWED the strip 42 mm (+3,+42)
  sidestep tow-gate: pad centroid moved 15 mm after +33 mm; stopping the sidestep here
  sidestep +33 mm toward the base at z=0.127 (TOWED 15 mm!) | x 0.7620..0.8466 ( 84.6) y 0.0347..0.0940 (59.3) z -0.0002..0.0140
  guard climb to z=0.157 | x 0.7622..0.8447 ( 82.5) y 0.0378..0.1021 (64.3) z -0.0002..0.0138
  guard climb to z=0.187 | x 0.7622..0.8448 ( 82.6) y 0.0380..0.1021 (64.2) z -0.0001..0.0138
  guard climb to z=0.217 | x 0.7622..0.8448 ( 82.6) y 0.0380..0.1021 (64.2) z -0.0001..0.0138
  lifted straight to z=0.230 | x 0.7622..0.8448 ( 82.6) y 0.0380..0.1021 (64.2) z -0.0001..0.0138

final strip: x 0.7622..0.8448 ( 82.6) y 0.0380..0.1021 (64.2) z -0.0001..0.0138
target AABB x 0.7425..0.8625, y -0.0128..+0.0072 (yaw +0.0 deg)
final target AABB px (578.3,312.6,653.3,325.4)
crude bbox IoU estimate 0.000
-- live loose target bbox (252, 309, 578, 641) outranks the chain's tracked (313, 325, 578, 653) (plate moved post-track)
-- attempt 11: official evaluate both_thermalpad_dominant, raw IoU 0.5049
-- ladder horizon: 28 attempts (wall budget binds before the 36-attempt cap)
== official_run: attempt 12/36 ==
-- semantic ids locked: {'thermalpad': 2, 'target': 4, 'liner': 5}
  plate LOCKED (id 4, 709px): (0.8025,-0.0028) yaw +0.00 deg
strip at rest: x 0.7457..0.8509 (105.2) y -0.3102..-0.2899 (20.4) z 0.0833..0.1017
  liner-up confirmed on the pedestal (cyan 782px)
-x overhang 13.8 mm, ends at z=0.0917; clamp exit x=0.7575, pad centre x=0.7440, bite 11.8 mm
  base parked at (-0.0208,+0.0002) yaw=-0.001, err 0.8 mm (locked)
  [arm base [ 0.4211 -0.0501  0.5008]]
  .. over: no longer improving at 9.8 mm; moving on
  over      pad=(0.7440,-0.2050,0.2500) miss=  9.8mm d=(-9.6,-1.6,-1.3) q_err=0.010(j7) ik=0mm corr=(+6,+4,+4) base=(0.409,-0.054,0.501) | x 0.7457..0.8509 (105.2) y -0.3102..-0.2899 (20.4) z 0.0833..0.1017
            base_link=(-0.0329,-0.0054,-0.0000) yaw=+0.00395  spine=0.0
  .. align: no longer improving at 4.7 mm; moving on
  align     pad=(0.7440,-0.2050,0.1240) miss=  4.7mm d=(-2.8,-0.7,-3.7) q_err=0.009(j7) ik=0mm corr=(-1,+1,+1) base=(0.409,-0.054,0.501) | x 0.7457..0.8509 (105.2) y -0.3102..-0.2899 (20.4) z 0.0833..0.1017
            base_link=(-0.0327,-0.0053,-0.0000) yaw=+0.00397  spine=0.0
  .. insert: no longer improving at 5.7 mm; moving on
  insert    pad=(0.7440,-0.3000,0.1240) miss=  5.7mm d=(-5.0,+0.0,+2.8) q_err=0.037(j7) ik=0mm corr=(+9,+1,-0) base=(0.384,-0.065,0.501) | x 0.7642..0.8474 ( 83.2) y -0.3335..-0.2855 (48.0) z 0.0283..0.1063
            base_link=(-0.0583,-0.0228,+0.0000) yaw=+0.01842  spine=3e-05
  .. insert overshot x by -5.0 mm; backing out and re-approaching with the aim biased
  .. insert-out: no longer improving at 6.4 mm; moving on
  insert-out pad=(0.7440,-0.2050,0.1240) miss=  6.4mm d=(-2.9,+5.4,+1.7) q_err=0.009(j1) ik=0mm corr=(+2,+0,+3) base=(0.385,-0.065,0.501) | x 0.7641..0.8472 ( 83.2) y -0.3335..-0.2855 (48.0) z 0.0282..0.1064
            base_link=(-0.0582,-0.0227,+0.0000) yaw=+0.01901  spine=3e-05
  .. insert: no longer improving at 107.7 mm; moving on
  insert    pad=(0.7440,-0.3000,0.1240) miss=107.7mm d=(+18.0,-50.8,+93.2) q_err=0.815(j6) ik=0mm corr=(+12,-57,+56) base=(0.388,-0.017,0.501) | x 0.7637..0.8466 ( 82.9) y -0.3333..-0.2848 (48.6) z 0.0284..0.1069
            base_link=(-0.0569,-0.0107,+0.0000) yaw=+0.09853  spine=1e-05
  !! insert did not converge (d=(18.0,-50.8,93.2) mm vs gate (3, 12, 8) / retry x 3.8); NOT closing — aborting
-- attempt 12: chain aborted (fail-closed, arms parked)
-- ladder horizon: 30 attempts (wall budget binds before the 36-attempt cap)
== official_run: attempt 13/36 ==
!! id capture: ids not inferable (scene not in a clean start configuration?)
!! attempt start: scene is not in a clean start configuration — resetting before spending the attempt
-- semantic ids locked: {'thermalpad': 2, 'target': 4, 'liner': 5}
  plate LOCKED (id 4, 709px): (0.8025,-0.0028) yaw +0.00 deg
strip at rest: x 0.7457..0.8509 (105.2) y -0.3103..-0.2899 (20.4) z 0.0833..0.1017
  liner-up confirmed on the pedestal (cyan 775px)
-x overhang 13.8 mm, ends at z=0.0917; clamp exit x=0.7575, pad centre x=0.7440, bite 11.8 mm
  base parked at (-0.0194,+0.0002) yaw=+0.000, err 0.7 mm (locked)
  [arm base [ 0.4225 -0.0498  0.5009]]
  over      pad=(0.7440,-0.2050,0.2500) miss=  1.4mm d=(-0.5,+0.5,-1.2) q_err=0.005(j4) ik=0mm corr=(+1,+2,+2) base=(0.422,-0.045,0.501) | x 0.7457..0.8509 (105.2) y -0.3103..-0.2899 (20.4) z 0.0833..0.1017
            base_link=(-0.0201,+0.0022,+0.0000) yaw=+0.00637  spine=0.0
  align     pad=(0.7440,-0.2050,0.1240) miss=  0.7mm d=(-0.1,+0.0,-0.6) q_err=0.007(j1) ik=0mm corr=(+2,+2,+4) base=(0.422,-0.045,0.501) | x 0.7457..0.8509 (105.2) y -0.3103..-0.2899 (20.4) z 0.0833..0.1017
            base_link=(-0.0202,+0.0021,+0.0000) yaw=+0.00633  spine=1e-05
  .. insert: no longer improving at 3.8 mm; moving on
  insert    pad=(0.7440,-0.3000,0.1240) miss=  3.8mm d=(-3.3,-1.8,+0.1) q_err=0.004(j7) ik=0mm corr=(+3,+3,+1) base=(0.420,-0.047,0.501) | x 0.7458..0.8494 (103.6) y -0.3177..-0.2897 (27.9) z 0.0831..0.1027
            base_link=(-0.0225,+0.0005,+0.0000) yaw=+0.00649  spine=1e-05
  .. insert overshot x by -3.3 mm; backing out and re-approaching with the aim biased
  insert-out pad=(0.7440,-0.2050,0.1240) miss=  1.4mm d=(-0.2,-1.4,+0.3) q_err=0.007(j4) ik=0mm corr=(+2,+0,+2) base=(0.420,-0.047,0.501) | x 0.7456..0.8488 (103.2) y -0.3177..-0.2897 (28.0) z 0.0828..0.1030
            base_link=(-0.0225,+0.0004,+0.0000) yaw=+0.00691  spine=1e-05
  .. insert: no longer improving at 3.2 mm; moving on
  insert    pad=(0.7440,-0.3000,0.1240) miss=  3.2mm d=(-3.2,-0.6,+0.2) q_err=0.004(j6) ik=0mm corr=(+3,+2,+1) base=(0.418,-0.048,0.501) | x 0.7442..0.8484 (104.2) y -0.3176..-0.2889 (28.7) z 0.0824..0.1031
            base_link=(-0.0244,-0.0009,+0.0000) yaw=+0.00711  spine=1e-05
  .. insert stalled at -3.2 mm x after the biased retry — inside the post-retry gate (3.8 mm); closing on the deeper bite
  scoop     pad=(0.7440,-0.3000,0.1470) miss=  1.4mm d=(+0.2,+0.1,-1.4) q_err=0.010(j4) ik=0mm corr=(+2,+1,+0) base=(0.418,-0.048,0.501) | x 0.7412..0.8515 (110.3) y -0.3158..-0.2888 (27.0) z 0.0853..0.1070
            base_link=(-0.0243,-0.0009,+0.0000) yaw=+0.00713  spine=1e-05
  close     pad=(0.7440,-0.3000,0.1470) miss=  1.0mm d=(+0.2,+0.1,-1.0) q_err=0.008(j4) ik=0mm corr=(+2,+1,+0) base=(0.418,-0.048,0.501) | x 0.7409..0.8515 (110.6) y -0.3158..-0.2888 (27.0) z 0.0853..0.1048
            base_link=(-0.0244,-0.0009,+0.0000) yaw=+0.00715  spine=1e-05
  lift      pad=(0.7440,-0.3000,0.2300) miss=  1.1mm d=(+0.3,-0.8,-0.6) q_err=0.004(j4) ik=0mm corr=(+0,-1,+1) base=(0.417,-0.048,0.501) | x 0.7426..0.7585 ( 15.9) y -0.3137..-0.2894 (24.3) z 0.1165..0.2312
            base_link=(-0.0248,-0.0010,+0.0000) yaw=+0.00712  spine=1e-05
  grip CONFIRMED: strip rose to z 0.1165..0.2312 (hang 114.1 mm, so the live bite is 5.9 mm)
  reconf    pad=(0.7440,-0.3000,0.2800) miss=  0.9mm d=(+0.2,+0.4,-0.8) q_err=0.007(j4) ik=0mm corr=(+1,+1,-1) base=(0.418,-0.048,0.501) | x 0.7433..0.7592 ( 15.9) y -0.3126..-0.2892 (23.4) z 0.1659..0.2807
            base_link=(-0.0244,-0.0008,+0.0000) yaw=+0.00717  spine=1e-05
  mirror: skipping the reconfiguration (placing at the grip yaw)
  flip      pad=(0.7440,-0.3000,0.2800) miss=  0.6mm d=(+0.3,+0.5,+0.1) q_err=0.005(j4) ik=0mm corr=(+1,+1,-1) base=(0.418,-0.048,0.501) | x 0.7433..0.7592 ( 15.9) y -0.3126..-0.2892 (23.4) z 0.1659..0.2807
            base_link=(-0.0244,-0.0008,+0.0000) yaw=+0.00714  spine=1e-05
  hanging length measured 113.7 mm (clamp z=0.2781); arc radius 111.7 mm
  .. preride: no longer improving at 5.3 mm; moving on
  preride   pad=(0.7440,-0.3000,0.3450) miss=  5.3mm d=(+0.3,+0.3,+5.3) q_err=0.008(j1) ik=0mm corr=(+1,+2,-2) base=(0.418,-0.048,0.501) | x 0.7435..0.7590 ( 15.5) y -0.3110..-0.2873 (23.6) z 0.2258..0.3405
            base_link=(-0.0244,-0.0008,+0.0000) yaw=+0.00716  spine=0.0
  advancing the base to (+0.100,+0.320) for the place reach
  [base_goto A 0.18s: (-0.024,-0.001) -> (-0.024,+0.004) yaw=+0.003]
  [base_goto A 0.18s: (-0.024,+0.004) -> (-0.023,+0.025) yaw=+0.000]
  [base_goto A 0.18s: (-0.023,+0.025) -> (-0.023,+0.074) yaw=+0.000]
  [base_goto A 0.18s: (-0.023,+0.074) -> (-0.022,+0.160) yaw=+0.001]
  [base_goto B 0.13s: (-0.022,+0.160) -> (-0.023,+0.169) yaw=+0.001]
  [base_goto B 0.09s: (-0.023,+0.169) -> (-0.022,+0.087) yaw=+0.001]
  [base_goto A 0.09s: (-0.022,+0.087) -> (-0.022,+0.090) yaw=-0.001]
  [base_goto A 0.14s: (-0.022,+0.090) -> (-0.022,+0.171) yaw=+0.000]
  [base_goto B 0.14s: (-0.022,+0.171) -> (-0.022,+0.182) yaw=-0.000]
  [base_goto B 0.07s: (-0.022,+0.182) -> (-0.021,+0.100) yaw=+0.001]
  [base_goto A 0.07s: (-0.021,+0.100) -> (-0.021,+0.100) yaw=+0.000]
  [base_goto A 0.11s: (-0.021,+0.100) -> (-0.021,+0.148) yaw=+0.001]
  !! base_goto gave up at (-0.0210,+0.1475) yaw=+0.001 (err 20 mm)
  [base_goto A 0.18s: (-0.021,+0.149) -> (-0.021,+0.233) yaw=+0.002]
  base parked at (-0.0207,+0.2325) yaw=+0.002, err 23.5 mm (locked)
  [base_goto FWD 0.18s: (-0.021,+0.234) -> (-0.011,+0.249) yaw=+0.017]
  [base_goto FWD 0.18s: (-0.011,+0.249) -> (+0.009,+0.250) yaw=+0.017]
  [base_goto FWD 0.18s: (+0.009,+0.250) -> (+0.072,+0.251) yaw=+0.018]
  [base_goto A 0.18s: (+0.072,+0.251) -> (+0.084,+0.263) yaw=+0.033]
  [base_goto A 0.18s: (+0.084,+0.263) -> (+0.085,+0.298) yaw=+0.033]
  [base_goto A 0.11s: (+0.085,+0.298) -> (+0.084,+0.335) yaw=+0.031]
  base parked at (+0.0844,+0.3360) yaw=+0.032, err 21.8 mm (locked)
  [base_goto B 0.09s: (+0.084,+0.337) -> (+0.085,+0.342) yaw=+0.035]
  [base_goto B 0.10s: (+0.085,+0.342) -> (+0.085,+0.309) yaw=+0.035]
  base parked at (+0.0848,+0.3089) yaw=+0.035, err 18.8 mm (locked)
  [arm base [0.527  0.2675 0.5009]]
  streaming origin reset to the ridden tool position (0.861,+0.025,0.341)
  drape v-offset +19.4 mm; shifting the clamp aim to v=-0.0194
  laid length 120.0 mm (arc radius 111.7, measured bite 11.8); anchor u=+0.0560 world (0.8585,-0.0028) yaw +0.0 deg
  carry     pad=(0.8450,-0.0222,0.2300) miss=  0.5mm d=(-0.1,+0.4,+0.1) q_err=0.008(j1) ik=0mm corr=(+2,+1,+4) base=(0.528,0.271,0.501) | x 0.8517..0.8621 ( 10.4) y -0.0163..0.0106 (26.9) z 0.1122..0.2349
            base_link=(+0.0847,+0.3042,+0.0000) yaw=+0.03752  spine=0.0
  [base_goto FWD 0.09s: (+0.085,+0.304) -> (+0.085,+0.304) yaw=+0.043]
  [base_goto FWD 0.09s: (+0.084,+0.303) -> (+0.084,+0.303) yaw=+0.042]
  [base_goto FWD 0.28s: (+0.084,+0.304) -> (+0.115,+0.307) yaw=+0.040]
  [base_goto BACK 0.10s: (+0.123,+0.309) -> (+0.123,+0.310) yaw=+0.039]
  [base_goto BACK 0.10s: (+0.123,+0.310) -> (+0.107,+0.308) yaw=+0.041]
  base parked at (+0.0991,+0.3037) yaw=+0.040, err 16.3 mm (locked)
  [arm base [0.5403 0.2704 0.5009]]
  anchor    glide-converged miss=  5.1mm d=(-2.4,-2.2,-3.9) base_link=(+0.1008,+0.3072) yaw=+0.045 | x 0.8520..0.8678 ( 15.8) y -0.0100..0.0175 (27.5) z 0.0012..0.1143
  anchored: free end (u+0.0656,v+0.0088) from 402 board points, want (u+0.0560,v+0.0000) -> miss (-9.6,-8.8) mm
  .. anchor lateral miss -8.8 mm trips the 4 mm gate with retries left; peeling and re-landing instead of burning the draw
  retrying the touchdown from clamp (u+0.0348,v-0.0247)
  .. relift0: no longer improving at 4.0 mm; moving on
  relift0   pad=(0.8373,-0.0275,0.2300) miss=  4.0mm d=(+0.0,+1.2,-3.8) q_err=0.003(j1) ik=0mm corr=(+1,+0,+4) base=(0.545,0.277,0.501) | x 0.8457..0.8554 (  9.7) y -0.0175..0.0026 (20.1) z 0.1148..0.2383
            base_link=(+0.1010,+0.3075,+0.0000) yaw=+0.04478  spine=1e-05
  base parked at (+0.1007,+0.3072) yaw=+0.038, err 12.8 mm (locked)
  [arm base [0.544  0.2767 0.501 ]]
  anchor1   glide-converged miss=  2.4mm d=(+1.4,+0.7,+1.8) base_link=(+0.1045,+0.3136) yaw=+0.051 | x 0.8408..0.8605 ( 19.6) y -0.0148..0.0117 (26.5) z 0.0016..0.1116
  anchored: free end (u+0.0582,v+0.0037) from 402 board points, want (u+0.0560,v+0.0000) -> miss (-2.2,-3.7) mm
  arc80     glide-converged miss=  3.4mm d=(-1.0,+2.2,+2.4) base_link=(+0.1044,+0.3134) yaw=+0.051 | x 0.8350..0.8608 ( 25.8) y -0.0096..0.0126 (22.2) z 0.0011..0.1137
  arc70     glide-converged miss=  3.1mm d=(-2.9,+0.8,+0.5) base_link=(+0.1045,+0.3135) yaw=+0.051 | x 0.8172..0.8594 ( 42.3) y -0.0096..0.0123 (21.9) z 0.0014..0.1098
  arc60     glide-converged miss=  2.5mm d=(-2.4,+0.7,-0.1) base_link=(+0.1045,+0.3136) yaw=+0.051 | x 0.7994..0.8581 ( 58.8) y -0.0098..0.0125 (22.3) z 0.0025..0.1021
  arc50     glide-converged miss=  2.6mm d=(-2.3,+0.8,-0.9) base_link=(+0.1045,+0.3135) yaw=+0.051 | x 0.7823..0.8562 ( 73.9) y -0.0100..0.0129 (22.8) z 0.0025..0.0908
  arc40     glide-converged miss=  2.2mm d=(-1.6,+0.8,-1.2) base_link=(+0.1045,+0.3135) yaw=+0.051 | x 0.7684..0.8539 ( 85.6) y -0.0104..0.0135 (23.9) z 0.0025..0.0775
  arc32     glide-converged miss=  3.6mm d=(-2.0,+0.5,-3.0) base_link=(+0.1045,+0.3135) yaw=+0.052 | x 0.7606..0.8528 ( 92.2) y -0.0108..0.0152 (26.0) z 0.0025..0.0677
  arc release point (30 deg) reached; dropping the rest from here
  tray-lay: part-opened at z=0.060; paying the tail out | x 0.7608..0.8527 ( 91.8) y -0.0111..0.0162 (27.3) z 0.0025..0.0667
  tray-lay: ramped to (x 0.7263, z 0.037) | x 0.7607..0.8527 ( 91.9) y -0.0111..0.0163 (27.3) z 0.0025..0.0667
  released in place | x 0.7600..0.8519 ( 91.8) y -0.0110..0.0317 (42.7) z 0.0006..0.0134
  [arm base [0.5702 0.3465 0.5038]]
  slid off the strip end | x 0.7660..0.8521 ( 86.1) y -0.0118..0.0287 (40.5) z 0.0005..0.0128
  slow shed to z=0.067 | x 0.7660..0.8522 ( 86.3) y -0.0119..0.0284 (40.4) z 0.0005..0.0127
  slow shed to z=0.097 | x 0.7656..0.8525 ( 86.9) y -0.0121..0.0289 (41.0) z 0.0003..0.0125
  jaws full-open at z=0.097 (slot un-threaded) | x 0.7649..0.8527 ( 87.9) y -0.0129..0.0299 (42.8) z 0.0000..0.0109
  slow shed to z=0.127 | x 0.7439..0.8271 ( 83.2) y 0.0100..0.0913 (81.3) z -0.0000..0.0135
  !! shed TOWED the strip 48 mm (-23,+42)
  sidestep tow-gate: pad centroid moved 14 mm after +33 mm; stopping the sidestep here
  sidestep +33 mm toward the base at z=0.127 (TOWED 14 mm!) | x 0.7437..0.8198 ( 76.2) y 0.0222..0.1063 (84.1) z 0.0001..0.0127
  guard climb to z=0.157 | x 0.7420..0.8159 ( 73.9) y 0.0289..0.1173 (88.4) z 0.0005..0.0125
  guard climb to z=0.187 | x 0.7417..0.8158 ( 74.1) y 0.0288..0.1173 (88.5) z 0.0003..0.0125
  guard climb to z=0.217 | x 0.7417..0.8158 ( 74.1) y 0.0288..0.1173 (88.5) z 0.0003..0.0125
  lifted straight to z=0.230 | x 0.7417..0.8158 ( 74.1) y 0.0288..0.1173 (88.5) z 0.0003..0.0125

final strip: x 0.7417..0.8158 ( 74.1) y 0.0288..0.1173 (88.5) z 0.0003..0.0125
target AABB x 0.7425..0.8625, y -0.0128..+0.0072 (yaw +0.0 deg)
final target AABB px (578.3,312.6,653.3,325.4)
crude bbox IoU estimate 0.000
-- live loose target bbox (247, 303, 568, 632) outranks the chain's tracked (313, 325, 578, 653) (plate moved post-track)
-- attempt 13: official evaluate both_liner_dominant, raw IoU 0.6492
-- ladder horizon: 29 attempts (wall budget binds before the 36-attempt cap)
== official_run: attempt 14/36 ==
-- semantic ids locked: {'thermalpad': 2, 'target': 4, 'liner': 5}
  plate LOCKED (id 4, 709px): (0.8025,-0.0028) yaw +0.00 deg
strip at rest: x 0.7457..0.8510 (105.3) y -0.3102..-0.2899 (20.3) z 0.0833..0.1017
  liner-up confirmed on the pedestal (cyan 778px)
-x overhang 13.8 mm, ends at z=0.0917; clamp exit x=0.7576, pad centre x=0.7441, bite 11.8 mm
  base parked at (-0.0210,+0.0001) yaw=+0.000, err 1.0 mm (locked)
  [arm base [ 0.4209 -0.0498  0.5009]]
  over      pad=(0.7441,-0.2050,0.2500) miss=  0.7mm d=(-0.0,+0.3,-0.7) q_err=0.004(j1) ik=0mm corr=(-0,+0,+2) base=(0.414,-0.055,0.501) | x 0.7457..0.8510 (105.3) y -0.3102..-0.2899 (20.3) z 0.0833..0.1017
            base_link=(-0.0273,-0.0034,-0.0000) yaw=-0.00324  spine=0.0
  align     pad=(0.7441,-0.2050,0.1240) miss=  1.1mm d=(-0.5,-0.3,+0.9) q_err=0.006(j1) ik=0mm corr=(+2,+2,+3) base=(0.414,-0.055,0.501) | x 0.7457..0.8510 (105.3) y -0.3102..-0.2899 (20.3) z 0.0833..0.1017
            base_link=(-0.0274,-0.0034,-0.0000) yaw=-0.00325  spine=0.0
  .. insert: no longer improving at 2.2 mm; moving on
  insert    pad=(0.7441,-0.3000,0.1240) miss=  2.2mm d=(-2.1,+0.4,+0.3) q_err=0.004(j6) ik=0mm corr=(+2,+2,+1) base=(0.414,-0.055,0.501) | x 0.7446..0.8493 (104.7) y -0.3166..-0.2898 (26.9) z 0.0830..0.1027
            base_link=(-0.0276,-0.0036,-0.0000) yaw=-0.00319  spine=0.0
  scoop     pad=(0.7441,-0.3000,0.1470) miss=  1.3mm d=(+0.1,-0.0,-1.3) q_err=0.009(j4) ik=0mm corr=(+2,+2,+1) base=(0.414,-0.055,0.501) | x 0.7499..0.8518 (101.9) y -0.3148..-0.2896 (25.2) z 0.0868..0.1175
            base_link=(-0.0275,-0.0035,-0.0000) yaw=-0.00316  spine=0.0
  close     pad=(0.7441,-0.3000,0.1470) miss=  1.1mm d=(+0.0,-0.0,-1.1) q_err=0.007(j4) ik=0mm corr=(+2,+2,+1) base=(0.414,-0.055,0.501) | x 0.7499..0.8518 (101.9) y -0.3148..-0.2896 (25.2) z 0.0868..0.1175
            base_link=(-0.0274,-0.0034,-0.0000) yaw=-0.00320  spine=0.0
  lift      pad=(0.7441,-0.3000,0.2300) miss=  1.0mm d=(+0.3,-0.7,-0.7) q_err=0.003(j2) ik=0mm corr=(+1,-1,+1) base=(0.413,-0.056,0.501) | x 0.7436..0.7601 ( 16.5) y -0.3141..-0.2877 (26.3) z 0.1161..0.2313
            base_link=(-0.0292,-0.0047,-0.0000) yaw=-0.00303  spine=0.0
  grip CONFIRMED: strip rose to z 0.1161..0.2313 (hang 114.6 mm, so the live bite is 5.4 mm)
  reconf    pad=(0.7441,-0.3000,0.2800) miss=  1.1mm d=(+0.7,+0.8,-0.4) q_err=0.011(j4) ik=0mm corr=(+2,+2,-1) base=(0.413,-0.056,0.501) | x 0.7434..0.7604 ( 17.0) y -0.3143..-0.2881 (26.2) z 0.1659..0.2814
            base_link=(-0.0288,-0.0044,-0.0000) yaw=-0.00302  spine=0.0
  mirror: skipping the reconfiguration (placing at the grip yaw)
  flip      pad=(0.7441,-0.3000,0.2800) miss=  1.1mm d=(+0.7,+0.8,-0.2) q_err=0.011(j4) ik=0mm corr=(+2,+2,-1) base=(0.413,-0.056,0.501) | x 0.7439..0.7608 ( 16.9) y -0.3138..-0.2877 (26.1) z 0.1644..0.2799
            base_link=(-0.0288,-0.0044,-0.0000) yaw=-0.00307  spine=0.0
  hanging length measured 114.3 mm (clamp z=0.2772); arc radius 112.3 mm
  preride   pad=(0.7441,-0.3000,0.3450) miss=  1.1mm d=(+0.3,+0.4,-1.0) q_err=0.011(j4) ik=0mm corr=(+2,+3,-1) base=(0.413,-0.056,0.501) | x 0.7438..0.7623 ( 18.5) y -0.3134..-0.2846 (28.8) z 0.2315..0.3470
            base_link=(-0.0288,-0.0044,-0.0000) yaw=-0.00303  spine=0.0
  advancing the base to (+0.100,+0.320) for the place reach
  [base_goto A 0.18s: (-0.029,-0.004) -> (-0.029,+0.000) yaw=-0.007]
  [base_goto A 0.18s: (-0.029,+0.000) -> (-0.029,+0.011) yaw=-0.007]
  [base_goto A 0.18s: (-0.029,+0.011) -> (-0.028,+0.035) yaw=-0.007]
  [base_goto A 0.18s: (-0.028,+0.035) -> (-0.028,+0.098) yaw=-0.007]
  [base_goto A 0.12s: (-0.028,+0.098) -> (-0.027,+0.160) yaw=-0.008]
  [base_goto B 0.13s: (-0.027,+0.160) -> (-0.027,+0.117) yaw=-0.007]
  base parked at (-0.0269,+0.1160) yaw=-0.007, err 12.7 mm (locked)
  [base_goto A 0.18s: (-0.027,+0.115) -> (-0.026,+0.146) yaw=-0.004]
  [base_goto A 0.18s: (-0.026,+0.146) -> (-0.024,+0.232) yaw=-0.004]
  base parked at (-0.0242,+0.2316) yaw=-0.004, err 24.8 mm (locked)
  [base_goto FWD 0.18s: (-0.024,+0.235) -> (-0.023,+0.246) yaw=-0.006]
  [base_goto FWD 0.18s: (-0.023,+0.246) -> (-0.020,+0.249) yaw=+0.000]
  [base_goto FWD 0.18s: (-0.020,+0.249) -> (+0.090,+0.250) yaw=+0.001]
  [base_goto A 0.18s: (+0.090,+0.250) -> (+0.108,+0.272) yaw=+0.008]
  [base_goto A 0.18s: (+0.108,+0.272) -> (+0.110,+0.330) yaw=+0.008]
  base parked at (+0.1102,+0.3305) yaw=+0.008, err 14.6 mm (locked)
  base parked at (+0.1102,+0.3326) yaw=+0.008, err 15.2 mm (locked)
  [arm base [0.5547 0.3003 0.5009]]
  streaming origin reset to the ridden tool position (0.891,+0.064,0.342)
  drape v-offset +17.5 mm; shifting the clamp aim to v=-0.0175
  laid length 120.0 mm (arc radius 112.3, measured bite 11.8); anchor u=+0.0560 world (0.8585,-0.0028) yaw +0.0 deg
  carry     pad=(0.8450,-0.0203,0.2300) miss=  0.4mm d=(-0.1,-0.4,-0.2) q_err=0.007(j3) ik=0mm corr=(-2,-4,+0) base=(0.560,0.311,0.501) | x 0.8526..0.8633 ( 10.8) y -0.0220..0.0170 (39.0) z 0.1083..0.2331
            base_link=(+0.1177,+0.3533,+0.0000) yaw=+0.01956  spine=1e-05
  [base_goto B 0.15s: (+0.118,+0.353) -> (+0.117,+0.320) yaw=+0.018]
  base parked at (+0.1169,+0.3200) yaw=+0.018, err 16.9 mm (locked)
  [arm base [0.5591 0.2737 0.5009]]
  anchor    glide-converged miss=  5.5mm d=(-0.3,+2.7,-4.8) base_link=(+0.1169,+0.3172) yaw=+0.018 | x 0.8513..0.8682 ( 17.0) y -0.0207..0.0077 (28.4) z 0.0007..0.1148
  anchored: free end (u+0.0646,v-0.0006) from 322 board points, want (u+0.0560,v+0.0000) -> miss (-8.6,+0.6) mm
  retrying the touchdown from clamp (u+0.0353,v-0.0171)
  relift0   pad=(0.8378,-0.0200,0.2300) miss=  1.4mm d=(+0.1,+0.0,-1.4) q_err=0.008(j4) ik=0mm corr=(+1,+1,-0) base=(0.560,0.275,0.501) | x 0.8457..0.8568 ( 11.1) y -0.0182..0.0151 (33.3) z 0.1102..0.2340
            base_link=(+0.1168,+0.3170,+0.0000) yaw=+0.01815  spine=1e-05
  base parked at (+0.1168,+0.3170) yaw=+0.018, err 17.1 mm (locked)
  [arm base [0.5597 0.2784 0.5009]]
  anchor1   glide-converged miss=  4.5mm d=(+0.5,+0.6,-4.5) base_link=(+0.1168,+0.3169) yaw=+0.027 | x 0.8409..0.8568 ( 16.0) y -0.0180..0.0176 (35.6) z 0.0023..0.1136
  anchored: free end (u+0.0539,v+0.0084) from 360 board points, want (u+0.0560,v+0.0000) -> miss (+2.1,-8.4) mm
  .. anchor lateral miss -8.4 mm trips the 4 mm gate with retries left; peeling and re-landing instead of burning the draw
  retrying the touchdown from clamp (u+0.0366,v-0.0222)
  relift1   pad=(0.8391,-0.0250,0.2300) miss=  0.9mm d=(+0.0,-0.0,-0.9) q_err=0.007(j4) ik=0mm corr=(+1,+2,-1) base=(0.560,0.278,0.501) | x 0.8477..0.8572 (  9.5) y -0.0207..0.0109 (31.7) z 0.1104..0.2342
            base_link=(+0.1165,+0.3164,+0.0000) yaw=+0.02713  spine=1e-05
  base parked at (+0.1166,+0.3164) yaw=+0.027, err 16.9 mm (locked)
  [arm base [0.5597 0.2813 0.5009]]
  anchor2   glide-converged miss=  7.3mm d=(-1.0,-2.4,-6.8) base_link=(+0.1177,+0.3189) yaw=+0.040 | x 0.8464..0.8586 ( 12.2) y -0.0177..0.0169 (34.6) z 0.0013..0.1153
  anchored: free end (u+0.0562,v+0.0097) from 326 board points, want (u+0.0560,v+0.0000) -> miss (-0.2,-9.7) mm
  !! anchor lateral miss -9.7 mm exceeds the 4 mm gate - the lay would run diagonal; aborting for a fresh draw
  parking before exit
-- attempt 14: chain aborted (fail-closed, arms parked)
-- ladder horizon: 29 attempts (wall budget binds before the 36-attempt cap)
== official_run: attempt 15/36 ==
-- semantic ids locked: {'thermalpad': 2, 'target': 4, 'liner': 5}
  plate LOCKED (id 4, 709px): (0.8025,-0.0028) yaw +0.00 deg
strip at rest: x 0.7457..0.8509 (105.2) y -0.3103..-0.2899 (20.4) z 0.0833..0.1017
  liner-up confirmed on the pedestal (cyan 780px)
-x overhang 13.8 mm, ends at z=0.0916; clamp exit x=0.7575, pad centre x=0.7440, bite 11.8 mm
  base parked at (-0.0209,+0.0000) yaw=+0.000, err 0.9 mm (locked)
  [arm base [ 0.4211 -0.0499  0.5009]]
  over      pad=(0.7440,-0.2050,0.2500) miss=  1.4mm d=(-0.8,-0.5,-1.0) q_err=0.005(j4) ik=0mm corr=(-0,+0,+2) base=(0.414,-0.055,0.501) | x 0.7457..0.8509 (105.2) y -0.3103..-0.2899 (20.4) z 0.0833..0.1017
            base_link=(-0.0271,-0.0027,-0.0000) yaw=-0.00538  spine=0.0
  align     pad=(0.7440,-0.2050,0.1240) miss=  1.4mm d=(+0.6,+0.3,+1.3) q_err=0.008(j1) ik=0mm corr=(+2,+2,+3) base=(0.414,-0.055,0.501) | x 0.7457..0.8509 (105.2) y -0.3103..-0.2899 (20.4) z 0.0833..0.1017
            base_link=(-0.0273,-0.0028,-0.0000) yaw=-0.00536  spine=0.0
  .. insert: no longer improving at 3.0 mm; moving on
  insert    pad=(0.7440,-0.3000,0.1240) miss=  3.0mm d=(-3.0,+0.3,+0.2) q_err=0.004(j6) ik=0mm corr=(+3,+2,+1) base=(0.412,-0.057,0.501) | x 0.7441..0.8489 (104.9) y -0.3178..-0.2898 (28.0) z 0.0830..0.1029
            base_link=(-0.0297,-0.0046,-0.0000) yaw=-0.00537  spine=0.0
  .. insert overshot x by -3.0 mm; backing out and re-approaching with the aim biased
  insert-out pad=(0.7440,-0.2050,0.1240) miss=  0.4mm d=(-0.2,-0.4,-0.0) q_err=0.006(j4) ik=0mm corr=(+2,+1,+3) base=(0.412,-0.057,0.501) | x 0.7441..0.8488 (104.6) y -0.3177..-0.2896 (28.1) z 0.0829..0.1029
            base_link=(-0.0295,-0.0044,-0.0000) yaw=-0.00530  spine=0.0
  .. insert: no longer improving at 1.9 mm; moving on
  insert    pad=(0.7440,-0.3000,0.1240) miss=  1.9mm d=(-1.8,+0.3,+0.2) q_err=0.005(j7) ik=0mm corr=(+3,+2,+1) base=(0.411,-0.058,0.501) | x 0.7442..0.8485 (104.3) y -0.3179..-0.2895 (28.4) z 0.0829..0.1030
            base_link=(-0.0306,-0.0052,-0.0000) yaw=-0.00520  spine=0.0
  scoop     pad=(0.7440,-0.3000,0.1470) miss=  0.9mm d=(+0.5,+0.3,-0.6) q_err=0.006(j4) ik=0mm corr=(+2,+2,+1) base=(0.411,-0.057,0.501) | x 0.7500..0.8524 (102.4) y -0.3161..-0.2891 (27.0) z 0.0887..0.1181
            base_link=(-0.0303,-0.0050,-0.0000) yaw=-0.00521  spine=0.0
  close     pad=(0.7440,-0.3000,0.1470) miss=  0.5mm d=(+0.4,+0.3,-0.1) q_err=0.004(j4) ik=0mm corr=(+2,+2,+1) base=(0.411,-0.057,0.501) | x 0.7443..0.8524 (108.1) y -0.3160..-0.2891 (27.0) z 0.0887..0.1148
            base_link=(-0.0303,-0.0049,-0.0000) yaw=-0.00524  spine=0.0
  lift      pad=(0.7440,-0.3000,0.2300) miss=  0.6mm d=(+0.2,-0.3,-0.5) q_err=0.004(j3) ik=0mm corr=(+0,-2,+0) base=(0.414,-0.056,0.501) | x 0.7431..0.7593 ( 16.3) y -0.3146..-0.2891 (25.5) z 0.1162..0.2310
            base_link=(-0.0281,-0.0035,-0.0000) yaw=-0.00487  spine=0.0
  grip CONFIRMED: strip rose to z 0.1162..0.2310 (hang 114.3 mm, so the live bite is 5.7 mm)
  reconf    pad=(0.7440,-0.3000,0.2800) miss=  1.2mm d=(+0.2,+0.4,-1.1) q_err=0.008(j4) ik=0mm corr=(+1,+1,-0) base=(0.414,-0.056,0.501) | x 0.7433..0.7591 ( 15.7) y -0.3136..-0.2903 (23.3) z 0.1663..0.2811
            base_link=(-0.0280,-0.0034,-0.0000) yaw=-0.00478  spine=0.0
  mirror: skipping the reconfiguration (placing at the grip yaw)
  flip      pad=(0.7440,-0.3000,0.2800) miss=  0.9mm d=(+0.3,+0.4,-0.7) q_err=0.006(j4) ik=0mm corr=(+1,+1,-0) base=(0.414,-0.056,0.501) | x 0.7433..0.7591 ( 15.7) y -0.3136..-0.2903 (23.3) z 0.1663..0.2811
            base_link=(-0.0280,-0.0034,-0.0000) yaw=-0.00485  spine=0.0
  hanging length measured 113.8 mm (clamp z=0.2781); arc radius 111.8 mm
  preride   pad=(0.7440,-0.3000,0.3450) miss=  0.6mm d=(+0.1,+0.2,-0.6) q_err=0.005(j4) ik=0mm corr=(+1,+2,-0) base=(0.414,-0.056,0.501) | x 0.7435..0.7594 ( 15.9) y -0.3123..-0.2887 (23.6) z 0.2319..0.3466
            base_link=(-0.0280,-0.0034,-0.0000) yaw=-0.00485  spine=0.0
  advancing the base to (+0.100,+0.320) for the place reach
  [base_goto A 0.18s: (-0.028,-0.003) -> (-0.028,+0.001) yaw=-0.008]
  [base_goto A 0.18s: (-0.028,+0.001) -> (-0.027,+0.012) yaw=-0.009]
  [base_goto A 0.18s: (-0.027,+0.012) -> (-0.027,+0.042) yaw=-0.009]
  [base_goto A 0.18s: (-0.027,+0.042) -> (-0.026,+0.117) yaw=-0.009]
  base parked at (-0.0264,+0.1167) yaw=-0.009, err 13.0 mm (locked)
  [base_goto A 0.18s: (-0.026,+0.120) -> (-0.021,+0.193) yaw=-0.006]
  [base_goto A 0.18s: (-0.021,+0.193) -> (-0.019,+0.291) yaw=-0.005]
  [base_goto B 0.14s: (-0.019,+0.291) -> (-0.019,+0.302) yaw=-0.005]
  [base_goto B 0.09s: (-0.019,+0.302) -> (-0.019,+0.223) yaw=-0.004]
  [base_goto A 0.09s: (-0.019,+0.223) -> (-0.019,+0.225) yaw=-0.004]
  [base_goto A 0.12s: (-0.019,+0.225) -> (-0.018,+0.305) yaw=-0.004]
  [base_goto B 0.07s: (-0.018,+0.305) -> (-0.018,+0.315) yaw=-0.003]
  [base_goto B 0.05s: (-0.018,+0.315) -> (-0.018,+0.279) yaw=-0.003]
  base parked at (-0.0180,+0.2789) yaw=-0.003, err 23.0 mm (locked)
  [base_goto FWD 0.18s: (-0.018,+0.276) -> (-0.021,+0.268) yaw=+0.004]
  [base_goto FWD 0.18s: (-0.021,+0.268) -> (+0.013,+0.270) yaw=+0.008]
  [base_goto FWD 0.18s: (+0.013,+0.270) -> (+0.076,+0.272) yaw=+0.009]
  [base_goto A 0.18s: (+0.076,+0.272) -> (+0.086,+0.288) yaw=+0.015]
  [base_goto A 0.14s: (+0.086,+0.288) -> (+0.087,+0.339) yaw=+0.014]
  base parked at (+0.0872,+0.3388) yaw=+0.014, err 22.7 mm (locked)
  [base_goto B 0.10s: (+0.087,+0.341) -> (+0.088,+0.345) yaw=+0.015]
  [base_goto B 0.11s: (+0.088,+0.345) -> (+0.087,+0.315) yaw=+0.015]
  base parked at (+0.0872,+0.3149) yaw=+0.015, err 13.7 mm (locked)
  [arm base [0.5289 0.2648 0.5009]]
  streaming origin reset to the ridden tool position (0.864,+0.027,0.344)
  drape v-offset +16.4 mm; shifting the clamp aim to v=-0.0164
  laid length 120.0 mm (arc radius 111.8, measured bite 11.8); anchor u=+0.0560 world (0.8585,-0.0028) yaw +0.0 deg
  carry     pad=(0.8450,-0.0193,0.2300) miss=  1.4mm d=(-0.2,+0.2,+1.4) q_err=0.009(j4) ik=0mm corr=(+2,+2,+4) base=(0.529,0.266,0.501) | x 0.8524..0.8622 (  9.8) y -0.0162..0.0119 (28.1) z 0.1102..0.2332
            base_link=(+0.0867,+0.3093,+0.0000) yaw=+0.01479  spine=1e-05
  base parked at (+0.0867,+0.3093) yaw=+0.015, err 17.1 mm (locked)
  [arm base [0.5291 0.2693 0.501 ]]
  anchor    glide-converged miss=  7.2mm d=(+1.5,+3.7,-6.0) base_link=(+0.0850,+0.3066) yaw=+0.020 | x 0.8488..0.8602 ( 11.4) y -0.0198..0.0104 (30.2) z 0.0008..0.1161
  anchored: free end (u+0.0578,v+0.0032) from 322 board points, want (u+0.0560,v+0.0000) -> miss (-1.8,-3.2) mm
  arc80     glide-converged miss=  3.3mm d=(-1.5,+1.8,+2.3) base_link=(+0.0849,+0.3064) yaw=+0.020 | x 0.8322..0.8590 ( 26.8) y -0.0178..0.0101 (27.8) z 0.0014..0.1130
  arc70     glide-converged miss=  2.8mm d=(-2.1,+1.7,+0.7) base_link=(+0.0846,+0.3060) yaw=+0.020 | x 0.8137..0.8582 ( 44.5) y -0.0175..0.0101 (27.6) z 0.0015..0.1089
  arc60     glide-converged miss=  2.6mm d=(-2.3,+0.9,-0.5) base_link=(+0.0848,+0.3063) yaw=+0.020 | x 0.7972..0.8568 ( 59.6) y -0.0162..0.0103 (26.5) z 0.0025..0.1019
  arc50     glide-converged miss=  2.2mm d=(-1.8,+1.2,-0.7) base_link=(+0.0848,+0.3063) yaw=+0.020 | x 0.7797..0.8555 ( 75.9) y -0.0161..0.0104 (26.5) z 0.0025..0.0900
  arc40     glide-converged miss=  2.0mm d=(-1.1,+1.3,-1.0) base_link=(+0.0847,+0.3062) yaw=+0.020 | x 0.7660..0.8539 ( 87.8) y -0.0158..0.0103 (26.2) z 0.0025..0.0767
  arc32     glide-converged miss=  3.6mm d=(-1.9,+0.6,-3.0) base_link=(+0.0849,+0.3064) yaw=+0.021 | x 0.7586..0.8528 ( 94.2) y -0.0146..0.0105 (25.1) z 0.0024..0.0670
  arc release point (30 deg) reached; dropping the rest from here
  tray-lay: part-opened at z=0.060; paying the tail out | x 0.7632..0.8525 ( 89.3) y -0.0099..0.0277 (37.6) z 0.0015..0.0518
  tray-lay: ramped to (x 0.7262, z 0.037) | x 0.7531..0.8526 ( 99.5) y -0.0107..0.0316 (42.3) z 0.0002..0.0181
  released in place | x 0.7329..0.8528 (119.9) y -0.0116..0.0397 (51.3) z 0.0002..0.0038
  [arm base [0.5485 0.3205 0.51  ]]
  slid off the strip end | x 0.7330..0.8533 (120.3) y -0.0125..0.0395 (52.0) z 0.0002..0.0038
  slow shed to z=0.067 | x 0.7330..0.8534 (120.4) y -0.0127..0.0393 (52.0) z 0.0002..0.0038
  slow shed to z=0.097 | x 0.7331..0.8535 (120.4) y -0.0128..0.0391 (52.0) z 0.0002..0.0038
  jaws full-open at z=0.097 (slot un-threaded) | x 0.7331..0.8535 (120.4) y -0.0128..0.0391 (51.9) z 0.0001..0.0036
  sidestep +99 mm toward the base at z=0.097 | x 0.7272..0.8456 (118.4) y -0.0199..0.0438 (63.7) z -0.0003..0.0056
  guard climb to z=0.127 | x 0.7257..0.8442 (118.4) y -0.0195..0.0477 (67.2) z 0.0001..0.0038
  guard climb to z=0.157 | x 0.7260..0.8442 (118.2) y -0.0197..0.0473 (67.0) z 0.0001..0.0037
  guard climb to z=0.187 | x 0.7260..0.8442 (118.2) y -0.0197..0.0473 (67.0) z 0.0001..0.0037
  guard climb to z=0.217 | x 0.7260..0.8442 (118.2) y -0.0197..0.0473 (67.0) z 0.0001..0.0037
  lifted straight to z=0.230 | x 0.7260..0.8442 (118.2) y -0.0197..0.0473 (67.0) z 0.0001..0.0037

final strip: x 0.7260..0.8442 (118.2) y -0.0197..0.0473 (67.0) z 0.0001..0.0037
target AABB x 0.7425..0.8625, y -0.0128..+0.0072 (yaw +0.0 deg)
final target AABB px (578.3,312.6,653.3,325.4)
crude bbox IoU estimate 0.245
-- attempt 15: official evaluate both_liner_dominant, raw IoU 0.2738
-- ladder horizon: 29 attempts (wall budget binds before the 36-attempt cap)
== official_run: attempt 16/36 ==
-- semantic ids locked: {'thermalpad': 2, 'target': 4, 'liner': 5}
  plate LOCKED (id 4, 709px): (0.8025,-0.0028) yaw +0.00 deg
strip at rest: x 0.7457..0.8510 (105.3) y -0.3102..-0.2899 (20.3) z 0.0833..0.1017
  liner-up confirmed on the pedestal (cyan 780px)
-x overhang 13.9 mm, ends at z=0.0917; clamp exit x=0.7576, pad centre x=0.7441, bite 11.9 mm
  base parked at (-0.0211,+0.0000) yaw=+0.000, err 1.1 mm (locked)
  [arm base [ 0.4208 -0.0499  0.5009]]
  .. over: no longer improving at 8.3 mm; moving on
  over      pad=(0.7441,-0.2050,0.2500) miss=  8.3mm d=(-5.6,-5.0,-3.5) q_err=0.011(j4) ik=0mm corr=(+3,+3,+4) base=(0.415,-0.054,0.501) | x 0.7457..0.8510 (105.3) y -0.3102..-0.2899 (20.3) z 0.0833..0.1017
            base_link=(-0.0272,-0.0029,-0.0000) yaw=-0.00193  spine=0.0
  align     pad=(0.7441,-0.2050,0.1240) miss=  1.4mm d=(-0.9,-0.5,+0.9) q_err=0.009(j4) ik=0mm corr=(+2,+2,+3) base=(0.415,-0.053,0.501) | x 0.7457..0.8510 (105.3) y -0.3102..-0.2899 (20.3) z 0.0833..0.1017
            base_link=(-0.0266,-0.0025,-0.0000) yaw=-0.00198  spine=0.0
  .. insert: no longer improving at 3.1 mm; moving on
  insert    pad=(0.7441,-0.3000,0.1240) miss=  3.1mm d=(-2.7,-1.4,-0.3) q_err=0.005(j7) ik=0mm corr=(+2,+3,+1) base=(0.415,-0.053,0.501) | x 0.7452..0.8498 (104.7) y -0.3163..-0.2897 (26.5) z 0.0832..0.1024
            base_link=(-0.0265,-0.0023,-0.0000) yaw=-0.00196  spine=0.0
  scoop     pad=(0.7441,-0.3000,0.1470) miss=  0.9mm d=(-0.1,-0.0,-0.8) q_err=0.009(j4) ik=0mm corr=(+2,+2,+0) base=(0.415,-0.053,0.501) | x 0.7429..0.8515 (108.7) y -0.3147..-0.2895 (25.2) z 0.0861..0.1094
            base_link=(-0.0266,-0.0024,-0.0000) yaw=-0.00199  spine=0.0
  close     pad=(0.7441,-0.3000,0.1470) miss=  0.4mm d=(-0.2,-0.2,-0.2) q_err=0.006(j4) ik=0mm corr=(+2,+2,+0) base=(0.415,-0.053,0.501) | x 0.7429..0.8515 (108.7) y -0.3147..-0.2895 (25.2) z 0.0861..0.1094
            base_link=(-0.0265,-0.0024,-0.0000) yaw=-0.00197  spine=0.0
  lift      pad=(0.7441,-0.3000,0.2300) miss=  1.2mm d=(-0.3,-1.0,-0.6) q_err=0.005(j4) ik=0mm corr=(+0,-2,+1) base=(0.417,-0.052,0.501) | x 0.7417..0.7595 ( 17.8) y -0.3127..-0.2922 (20.5) z 0.1185..0.2313
            base_link=(-0.0254,-0.0016,-0.0000) yaw=-0.00125  spine=0.0
  grip CONFIRMED: strip rose to z 0.1185..0.2313 (hang 112.0 mm, so the live bite is 8.0 mm)
  reconf    pad=(0.7441,-0.3000,0.2800) miss=  1.0mm d=(+0.1,+0.2,-1.0) q_err=0.006(j4) ik=0mm corr=(+1,+1,+0) base=(0.417,-0.052,0.501) | x 0.7420..0.7587 ( 16.6) y -0.3131..-0.2917 (21.4) z 0.1680..0.2810
            base_link=(-0.0253,-0.0016,-0.0000) yaw=-0.00114  spine=0.0
  mirror: skipping the reconfiguration (placing at the grip yaw)
  flip      pad=(0.7441,-0.3000,0.2800) miss=  0.5mm d=(+0.1,+0.3,-0.3) q_err=0.004(j4) ik=0mm corr=(+1,+1,+0) base=(0.417,-0.052,0.501) | x 0.7420..0.7587 ( 16.6) y -0.3131..-0.2917 (21.4) z 0.1680..0.2810
            base_link=(-0.0253,-0.0016,-0.0000) yaw=-0.00117  spine=0.0
  hanging length measured 111.8 mm (clamp z=0.2782); arc radius 109.8 mm
  preride   pad=(0.7441,-0.3000,0.3450) miss=  0.7mm d=(+0.3,+0.4,-0.4) q_err=0.007(j4) ik=0mm corr=(+1,+2,-1) base=(0.417,-0.052,0.501) | x 0.7417..0.7590 ( 17.3) y -0.3122..-0.2906 (21.6) z 0.2327..0.3457
            base_link=(-0.0253,-0.0016,-0.0000) yaw=-0.00111  spine=0.0
  advancing the base to (+0.100,+0.320) for the place reach
  [base_goto A 0.18s: (-0.025,-0.002) -> (-0.025,+0.003) yaw=-0.003]
  [base_goto A 0.18s: (-0.025,+0.003) -> (-0.025,+0.015) yaw=-0.003]
  [base_goto A 0.18s: (-0.025,+0.015) -> (-0.025,+0.036) yaw=-0.003]
  [base_goto A 0.18s: (-0.025,+0.036) -> (-0.024,+0.105) yaw=-0.003]
  base parked at (-0.0241,+0.1055) yaw=-0.003, err 22.9 mm (locked)
  [base_goto A 0.18s: (-0.024,+0.107) -> (-0.024,+0.114) yaw=-0.002]
  [base_goto A 0.18s: (-0.024,+0.114) -> (-0.019,+0.246) yaw=-0.002]
  base parked at (-0.0190,+0.2501) yaw=-0.002, err 9.6 mm (locked)
  [base_goto FWD 0.18s: (-0.019,+0.252) -> (-0.012,+0.283) yaw=+0.014]
  [base_goto FWD 0.18s: (-0.012,+0.283) -> (+0.010,+0.284) yaw=+0.015]
  [base_goto FWD 0.18s: (+0.010,+0.284) -> (+0.067,+0.285) yaw=+0.016]
  [base_goto A 0.18s: (+0.067,+0.285) -> (+0.077,+0.286) yaw=+0.018]
  [base_goto A 0.16s: (+0.077,+0.286) -> (+0.078,+0.302) yaw=+0.018]
  [base_goto FWD 0.11s: (+0.078,+0.302) -> (+0.075,+0.302) yaw=+0.016]
  [base_goto FWD 0.12s: (+0.075,+0.302) -> (+0.077,+0.303) yaw=+0.019]
  [base_goto FWD 0.28s: (+0.077,+0.303) -> (+0.170,+0.308) yaw=+0.024]
  [base_goto BACK 0.09s: (+0.170,+0.308) -> (+0.182,+0.308) yaw=+0.024]
  [base_goto BACK 0.05s: (+0.182,+0.308) -> (+0.146,+0.307) yaw=+0.024]
  [base_goto BACK 0.05s: (+0.146,+0.307) -> (+0.103,+0.306) yaw=+0.024]
  base parked at (+0.1015,+0.3061) yaw=+0.024, err 14.2 mm (locked)
  base parked at (+0.1004,+0.3061) yaw=+0.024, err 13.9 mm (locked)
  [arm base [0.5367 0.2658 0.5009]]
  streaming origin reset to the ridden tool position (0.871,+0.028,0.343)
  drape v-offset +15.2 mm; shifting the clamp aim to v=-0.0152
  laid length 120.0 mm (arc radius 109.8, measured bite 11.9); anchor u=+0.0560 world (0.8585,-0.0028) yaw +0.0 deg
  carry     pad=(0.8450,-0.0180,0.2300) miss=  1.2mm d=(-0.6,-0.6,+0.9) q_err=0.009(j1) ik=0mm corr=(+2,+3,+4) base=(0.537,0.266,0.501) | x 0.8434..0.8630 ( 19.6) y -0.0132..0.0114 (24.6) z 0.1218..0.2338
            base_link=(+0.0940,+0.3042,+0.0000) yaw=+0.02704  spine=2e-05
  base parked at (+0.0940,+0.3042) yaw=+0.027, err 16.9 mm (locked)
  [arm base [0.5375 0.2692 0.5009]]
  anchor    glide-converged miss=  3.3mm d=(+2.1,+2.1,+1.5) base_link=(+0.0929,+0.3027) yaw=+0.029 | x 0.8385..0.8577 ( 19.2) y -0.0162..0.0060 (22.2) z 0.0009..0.1086
  anchored: free end (u+0.0545,v-0.0033) from 322 board points, want (u+0.0560,v+0.0000) -> miss (+1.5,+3.3) mm
  arc80     glide-converged miss=  3.0mm d=(-1.7,+0.9,+2.4) base_link=(+0.0930,+0.3029) yaw=+0.029 | x 0.8234..0.8567 ( 33.4) y -0.0159..0.0069 (22.8) z 0.0010..0.1104
  arc70     glide-converged miss=  2.2mm d=(-1.8,+1.0,+0.8) base_link=(+0.0930,+0.3028) yaw=+0.029 | x 0.8048..0.8555 ( 50.6) y -0.0152..0.0068 (22.0) z 0.0017..0.1061
  arc60     glide-converged miss=  2.8mm d=(-2.5,+1.1,-0.6) base_link=(+0.0929,+0.3028) yaw=+0.029 | x 0.7885..0.8531 ( 64.6) y -0.0149..0.0073 (22.2) z 0.0020..0.0992
  arc50     glide-converged miss=  1.9mm d=(-1.6,+0.9,-0.4) base_link=(+0.0930,+0.3029) yaw=+0.029 | x 0.7712..0.8490 ( 77.8) y -0.0146..0.0076 (22.2) z 0.0022..0.0872
  arc40     glide-converged miss=  2.2mm d=(-1.6,+1.0,-1.2) base_link=(+0.0929,+0.3028) yaw=+0.029 | x 0.7577..0.8461 ( 88.4) y -0.0148..0.0077 (22.5) z 0.0024..0.0741
  arc32     glide-converged miss=  5.2mm d=(-2.8,+0.0,-4.3) base_link=(+0.0932,+0.3031) yaw=+0.030 | x 0.7507..0.8454 ( 94.7) y -0.0137..0.0086 (22.3) z 0.0025..0.0659
  arc release point (30 deg) reached; dropping the rest from here
  tray-lay: part-opened at z=0.059; paying the tail out | x 0.7595..0.8453 ( 85.9) y -0.0136..0.0283 (41.9) z 0.0013..0.0562
  tray-lay: ramped to (x 0.7279, z 0.037) | x 0.7649..0.8453 ( 80.5) y -0.0141..0.0274 (41.5) z 0.0013..0.0501
  released in place | x 0.7604..0.8454 ( 85.0) y -0.0148..0.0289 (43.7) z 0.0006..0.0128
  [arm base [0.5726 0.3304 0.5058]]
  slid off the strip end | x 0.7610..0.8457 ( 84.6) y -0.0152..0.0289 (44.1) z 0.0006..0.0128
  slow shed to z=0.067 | x 0.7609..0.8457 ( 84.8) y -0.0153..0.0289 (44.2) z 0.0006..0.0127
  slow shed to z=0.097 | x 0.7580..0.8458 ( 87.7) y -0.0154..0.0304 (45.7) z 0.0003..0.0090
  jaws full-open at z=0.097 (slot un-threaded) | x 0.7571..0.8457 ( 88.6) y -0.0152..0.0315 (46.6) z 0.0003..0.0076
  sidestep tow-gate: pad centroid moved 12 mm after +41 mm; stopping the sidestep here
  sidestep +41 mm toward the base at z=0.097 (TOWED 12 mm!) | x 0.7413..0.8409 ( 99.6) y -0.0166..0.0465 (63.1) z -0.0001..0.0087
  !! guard climb TOWED the strip 23 mm; lowering back and re-climbing ultra-slow
  re-climb done | x 0.7290..0.8226 ( 93.7) y -0.0129..0.0649 (77.8) z -0.0004..0.0139
  guard climb to z=0.157 | x 0.7290..0.8226 ( 93.7) y -0.0129..0.0649 (77.8) z -0.0004..0.0139
  guard climb to z=0.187 | x 0.7290..0.8226 ( 93.7) y -0.0129..0.0649 (77.8) z -0.0004..0.0139
  guard climb to z=0.217 | x 0.7290..0.8226 ( 93.7) y -0.0129..0.0649 (77.8) z -0.0004..0.0139
  lifted straight to z=0.230 | x 0.7290..0.8226 ( 93.7) y -0.0129..0.0649 (77.8) z -0.0004..0.0139

final strip: x 0.7290..0.8226 ( 93.7) y -0.0129..0.0649 (77.8) z -0.0004..0.0139
target AABB x 0.7425..0.8625, y -0.0128..+0.0072 (yaw +0.0 deg)
final target AABB px (578.3,312.6,653.3,325.4)
crude bbox IoU estimate 0.198
-- live loose target bbox (304, 320, 564, 639) outranks the chain's tracked (313, 325, 578, 653) (plate moved post-track)
-- attempt 16: official evaluate both_liner_dominant, raw IoU 0.3037
-- ladder horizon: 29 attempts (wall budget binds before the 36-attempt cap)
== official_run: attempt 17/36 ==
-- semantic ids locked: {'thermalpad': 2, 'target': 4, 'liner': 5}
  plate LOCKED (id 4, 709px): (0.8025,-0.0028) yaw +0.00 deg
strip at rest: x 0.7458..0.8508 (105.1) y -0.3101..-0.2899 (20.2) z 0.0833..0.1017
  liner-up confirmed on the pedestal (cyan 777px)
-x overhang 13.8 mm, ends at z=0.0917; clamp exit x=0.7575, pad centre x=0.7440, bite 11.8 mm
  base parked at (-0.0210,-0.0001) yaw=+0.001, err 1.0 mm (locked)
  [arm base [ 0.4209 -0.0499  0.5009]]
  .. over: no longer improving at 10.2 mm; moving on
  over      pad=(0.7440,-0.2050,0.2500) miss= 10.2mm d=(-7.0,-6.9,-2.9) q_err=0.013(j4) ik=0mm corr=(+5,+4,+4) base=(0.413,-0.056,0.501) | x 0.7458..0.8508 (105.1) y -0.3101..-0.2899 (20.2) z 0.0833..0.1017
            base_link=(-0.0288,-0.0046,-0.0000) yaw=-0.00199  spine=0.0
  align     pad=(0.7440,-0.2050,0.1240) miss=  1.2mm d=(+0.6,+0.6,-0.8) q_err=0.008(j4) ik=0mm corr=(+2,+2,+2) base=(0.413,-0.055,0.501) | x 0.7458..0.8508 (105.1) y -0.3101..-0.2899 (20.2) z 0.0833..0.1017
            base_link=(-0.0284,-0.0044,-0.0000) yaw=-0.00205  spine=0.0
  .. insert: no longer improving at 2.3 mm; moving on
  insert    pad=(0.7440,-0.3000,0.1240) miss=  2.3mm d=(-2.3,+0.2,+0.4) q_err=0.004(j6) ik=0mm corr=(+3,+2,+1) base=(0.412,-0.056,0.501) | x 0.7443..0.8488 (104.5) y -0.3174..-0.2897 (27.7) z 0.0829..0.1029
            base_link=(-0.0294,-0.0051,-0.0000) yaw=-0.00204  spine=0.0
  scoop     pad=(0.7440,-0.3000,0.1470) miss=  1.5mm d=(+0.0,-0.0,-1.5) q_err=0.006(j4) ik=0mm corr=(+2,+2,+1) base=(0.413,-0.056,0.501) | x 0.7548..0.8522 ( 97.4) y -0.3149..-0.2893 (25.6) z 0.0884..0.1188
            base_link=(-0.0292,-0.0049,-0.0000) yaw=-0.00204  spine=0.0
  close     pad=(0.7440,-0.3000,0.1470) miss=  1.1mm d=(-0.1,-0.1,-1.1) q_err=0.005(j4) ik=0mm corr=(+2,+2,+1) base=(0.413,-0.056,0.501) | x 0.7544..0.8522 ( 97.8) y -0.3149..-0.2893 (25.6) z 0.0884..0.1189
            base_link=(-0.0291,-0.0049,-0.0000) yaw=-0.00204  spine=0.0
  lift      pad=(0.7440,-0.3000,0.2300) miss=  0.8mm d=(+0.4,-0.4,-0.6) q_err=0.003(j1) ik=0mm corr=(+1,-1,+1) base=(0.415,-0.054,0.501) | x 0.7431..0.7588 ( 15.7) y -0.3145..-0.2896 (24.9) z 0.1160..0.2310
            base_link=(-0.0273,-0.0037,-0.0000) yaw=-0.00141  spine=0.0
  grip CONFIRMED: strip rose to z 0.1160..0.2310 (hang 114.5 mm, so the live bite is 5.5 mm)
  reconf    pad=(0.7440,-0.3000,0.2800) miss=  1.4mm d=(+0.7,+0.8,-0.9) q_err=0.010(j4) ik=0mm corr=(+1,+1,-1) base=(0.415,-0.054,0.501) | x 0.7431..0.7585 ( 15.4) y -0.3136..-0.2903 (23.3) z 0.1667..0.2814
            base_link=(-0.0271,-0.0035,-0.0000) yaw=-0.00143  spine=0.0
  mirror: skipping the reconfiguration (placing at the grip yaw)
  flip      pad=(0.7440,-0.3000,0.2800) miss=  1.2mm d=(+0.7,+0.8,-0.6) q_err=0.009(j4) ik=0mm corr=(+1,+1,-1) base=(0.415,-0.054,0.501) | x 0.7431..0.7585 ( 15.4) y -0.3136..-0.2903 (23.3) z 0.1667..0.2814
            base_link=(-0.0271,-0.0035,-0.0000) yaw=-0.00146  spine=0.0
  hanging length measured 113.8 mm (clamp z=0.2778); arc radius 111.8 mm
  preride   pad=(0.7440,-0.3000,0.3450) miss=  1.4mm d=(+0.4,+0.5,-1.3) q_err=0.008(j4) ik=0mm corr=(+1,+2,-0) base=(0.415,-0.054,0.501) | x 0.7433..0.7596 ( 16.3) y -0.3124..-0.2886 (23.8) z 0.2319..0.3466
            base_link=(-0.0271,-0.0035,-0.0000) yaw=-0.00143  spine=0.0
  advancing the base to (+0.100,+0.320) for the place reach
  [base_goto A 0.18s: (-0.027,-0.004) -> (-0.027,+0.002) yaw=-0.008]
  [base_goto A 0.18s: (-0.027,+0.002) -> (-0.028,+0.009) yaw=-0.007]
  [base_goto A 0.28s: (-0.028,+0.009) -> (-0.027,+0.078) yaw=-0.007]
  [base_goto A 0.18s: (-0.027,+0.078) -> (-0.026,+0.167) yaw=-0.007]
  [base_goto B 0.16s: (-0.026,+0.167) -> (-0.026,+0.140) yaw=-0.007]
  base parked at (-0.0263,+0.1396) yaw=-0.007, err 13.2 mm (locked)
  [base_goto A 0.18s: (-0.026,+0.138) -> (-0.027,+0.131) yaw=-0.002]
  [base_goto A 0.18s: (-0.027,+0.131) -> (-0.024,+0.250) yaw=-0.002]
  base parked at (-0.0244,+0.2503) yaw=-0.002, err 7.2 mm (locked)
  [base_goto FWD 0.18s: (-0.024,+0.253) -> (-0.010,+0.272) yaw=+0.001]
  [base_goto FWD 0.18s: (-0.010,+0.272) -> (+0.024,+0.273) yaw=+0.002]
  [base_goto FWD 0.18s: (+0.024,+0.273) -> (+0.098,+0.274) yaw=+0.002]
  [base_goto A 0.18s: (+0.098,+0.274) -> (+0.107,+0.274) yaw=+0.003]
  [base_goto A 0.18s: (+0.107,+0.274) -> (+0.114,+0.343) yaw=+0.011]
  [base_goto B 0.11s: (+0.114,+0.343) -> (+0.114,+0.341) yaw=+0.012]
  [base_goto B 0.10s: (+0.114,+0.341) -> (+0.114,+0.312) yaw=+0.012]
  base parked at (+0.1141,+0.3117) yaw=+0.012, err 16.4 mm (locked)
  base parked at (+0.1142,+0.3104) yaw=+0.013, err 16.8 mm (locked)
  [arm base [0.5579 0.2712 0.5009]]
  streaming origin reset to the ridden tool position (0.893,+0.034,0.343)
  drape v-offset +17.0 mm; shifting the clamp aim to v=-0.0170
  laid length 120.0 mm (arc radius 111.8, measured bite 11.8); anchor u=+0.0560 world (0.8585,-0.0028) yaw +0.0 deg
  carry     pad=(0.8450,-0.0198,0.2300) miss=  0.8mm d=(+0.0,+0.4,+0.7) q_err=0.011(j1) ik=0mm corr=(+2,+3,+5) base=(0.559,0.273,0.501) | x 0.8506..0.8626 ( 12.1) y -0.0180..0.0097 (27.7) z 0.1110..0.2328
            base_link=(+0.1165,+0.3141,+0.0000) yaw=+0.02171  spine=1e-05
  base parked at (+0.1165,+0.3141) yaw=+0.022, err 17.5 mm (locked)
  [arm base [0.5594 0.2767 0.5009]]
  anchor    glide-converged miss=  6.4mm d=(+0.3,+1.5,-6.2) base_link=(+0.1171,+0.3153) yaw=+0.030 | x 0.8481..0.8614 ( 13.3) y -0.0185..0.0120 (30.5) z 0.0012..0.1144
  anchored: free end (u+0.0591,v+0.0047) from 385 board points, want (u+0.0560,v+0.0000) -> miss (-3.1,-4.7) mm
  .. anchor lateral miss -4.7 mm trips the 4 mm gate with retries left; peeling and re-landing instead of burning the draw
  retrying the touchdown from clamp (u+0.0386,v-0.0198)
  relift0   pad=(0.8411,-0.0227,0.2300) miss=  0.8mm d=(+0.2,+0.6,+0.5) q_err=0.008(j1) ik=0mm corr=(+2,+2,+4) base=(0.560,0.279,0.501) | x 0.8505..0.8591 (  8.6) y -0.0182..0.0137 (31.9) z 0.1110..0.2349
            base_link=(+0.1172,+0.3156,+0.0000) yaw=+0.03027  spine=1e-05
  base parked at (+0.1172,+0.3156) yaw=+0.030, err 17.8 mm (locked)
  [arm base [0.5605 0.2828 0.5009]]
  anchor1   glide-converged miss=  5.4mm d=(-1.8,-4.1,-3.0) base_link=(+0.1198,+0.3201) yaw=+0.045 | x 0.8512..0.8624 ( 11.1) y -0.0130..0.0220 (34.9) z 0.0011..0.1148
  anchored: free end (u+0.0600,v+0.0148) from 322 board points, want (u+0.0560,v+0.0000) -> miss (-4.0,-14.8) mm
  .. anchor lateral miss -14.8 mm trips the 4 mm gate with retries left; peeling and re-landing instead of burning the draw
  retrying the touchdown from clamp (u+0.0363,v-0.0287)
  .. relift1: no longer improving at 5.7 mm; moving on
  relift1   pad=(0.8387,-0.0315,0.2300) miss=  5.7mm d=(-1.1,-2.2,+5.1) q_err=0.006(j4) ik=0mm corr=(+2,+2,-1) base=(0.563,0.287,0.501) | x 0.8491..0.8575 (  8.4) y -0.0214..0.0107 (32.1) z 0.1044..0.2290
            base_link=(+0.1189,+0.3186,+0.0000) yaw=+0.04298  spine=1e-05
  base parked at (+0.1188,+0.3184) yaw=+0.033, err 18.9 mm (locked)
  [arm base [0.561  0.2833 0.5009]]
  anchor2   glide-converged miss=  7.3mm d=(-2.2,-3.8,-5.9) base_link=(+0.1205,+0.3213) yaw=+0.044 | x 0.8443..0.8608 ( 16.6) y -0.0177..0.0108 (28.5) z 0.0013..0.1145
  anchored: free end (u+0.0586,v+0.0025) from 402 board points, want (u+0.0560,v+0.0000) -> miss (-2.6,-2.5) mm
  arc80     glide-converged miss=  3.7mm d=(-1.5,+2.9,+1.6) base_link=(+0.1202,+0.3209) yaw=+0.043 | x 0.8348..0.8609 ( 26.0) y -0.0117..0.0118 (23.5) z 0.0011..0.1142
  arc70     glide-converged miss=  2.8mm d=(-2.6,+1.1,+0.2) base_link=(+0.1202,+0.3208) yaw=+0.043 | x 0.8153..0.8591 ( 43.8) y -0.0101..0.0114 (21.5) z 0.0013..0.1098
  arc60     glide-converged miss=  2.6mm d=(-2.5,+0.7,-0.2) base_link=(+0.1202,+0.3208) yaw=+0.043 | x 0.7975..0.8575 ( 60.0) y -0.0101..0.0114 (21.5) z 0.0025..0.1016
  arc50     glide-converged miss=  1.9mm d=(-1.8,+0.6,-0.4) base_link=(+0.1202,+0.3208) yaw=+0.043 | x 0.7820..0.8553 ( 73.3) y -0.0106..0.0115 (22.1) z 0.0025..0.0910
  arc40     glide-converged miss=  2.4mm d=(-2.0,+0.6,-1.2) base_link=(+0.1202,+0.3209) yaw=+0.043 | x 0.7680..0.8533 ( 85.3) y -0.0112..0.0118 (22.9) z 0.0025..0.0773
  arc32     glide-converged miss=  3.7mm d=(-2.3,+0.3,-2.9) base_link=(+0.1202,+0.3209) yaw=+0.044 | x 0.7608..0.8525 ( 91.7) y -0.0112..0.0133 (24.4) z 0.0024..0.0674
  arc release point (30 deg) reached; dropping the rest from here
  tray-lay: part-opened at z=0.060; paying the tail out | x 0.7608..0.8524 ( 91.6) y -0.0113..0.0147 (26.0) z 0.0023..0.0666
  tray-lay: ramped to (x 0.7261, z 0.037) | x 0.7599..0.8523 ( 92.4) y -0.0113..0.0115 (22.9) z 0.0024..0.0666
  released in place | x 0.7639..0.8511 ( 87.1) y -0.0110..0.0339 (44.9) z 0.0006..0.0128
  [arm base [0.5842 0.3498 0.5027]]
  slid off the strip end | x 0.7666..0.8514 ( 84.8) y -0.0113..0.0321 (43.4) z 0.0006..0.0129
  slow shed to z=0.067 | x 0.7670..0.8516 ( 84.5) y -0.0114..0.0319 (43.3) z 0.0005..0.0127
  slow shed to z=0.097 | x 0.7670..0.8517 ( 84.7) y -0.0114..0.0340 (45.4) z 0.0000..0.0110
  jaws full-open at z=0.097 (slot un-threaded) | x 0.7668..0.8519 ( 85.1) y -0.0118..0.0336 (45.4) z -0.0001..0.0105
  slow shed to z=0.127 | x 0.7473..0.8242 ( 76.9) y 0.0094..0.0875 (78.1) z -0.0003..0.0082
  !! shed TOWED the strip 44 mm (-24,+38)
  sidestep tow-gate: pad centroid moved 15 mm after +41 mm; stopping the sidestep here
  sidestep +41 mm toward the base at z=0.127 (TOWED 15 mm!) | x 0.7497..0.8113 ( 61.6) y 0.0286..0.0974 (68.9) z -0.0001..0.0119
  guard climb to z=0.157 | x 0.7489..0.8059 ( 57.0) y 0.0347..0.1055 (70.8) z -0.0005..0.0131
  guard climb to z=0.187 | x 0.7487..0.8060 ( 57.2) y 0.0345..0.1057 (71.1) z -0.0005..0.0133
  guard climb to z=0.217 | x 0.7487..0.8060 ( 57.2) y 0.0345..0.1057 (71.1) z -0.0005..0.0133
  lifted straight to z=0.230 | x 0.7487..0.8060 ( 57.2) y 0.0345..0.1057 (71.1) z -0.0005..0.0133

final strip: x 0.7487..0.8060 ( 57.2) y 0.0345..0.1057 (71.1) z -0.0005..0.0133
target AABB x 0.7425..0.8625, y -0.0128..+0.0072 (yaw +0.0 deg)
final target AABB px (578.3,312.6,653.3,325.4)
crude bbox IoU estimate 0.000
-- live loose target bbox (250, 301, 560, 629) outranks the chain's tracked (313, 325, 578, 653) (plate moved post-track)
-- self-verdict ids from the live semantic_labels map {'thermalpad': -1, 'target': 4, 'liner': 5} (attempt-start lock said {'thermalpad': 2, 'target': 4, 'liner': 5})
-- strict orientation reading (pad id 2 from the attempt-start lock): liner_only 0.4231
-- attempt 17: official evaluate liner_only, raw IoU 0.4155
-- ladder horizon: 28 attempts (wall budget binds before the 36-attempt cap)
== official_run: attempt 18/36 ==
-- semantic ids locked: {'thermalpad': 2, 'target': 4, 'liner': 5}
  plate LOCKED (id 4, 709px): (0.8025,-0.0028) yaw +0.00 deg
strip at rest: x 0.7457..0.8509 (105.2) y -0.3103..-0.2899 (20.3) z 0.0833..0.1017
  liner-up confirmed on the pedestal (cyan 775px)
-x overhang 13.8 mm, ends at z=0.0917; clamp exit x=0.7575, pad centre x=0.7440, bite 11.8 mm
  base parked at (-0.0208,+0.0005) yaw=+0.002, err 0.9 mm (locked)
  [arm base [ 0.4212 -0.0489  0.5009]]
  .. over: no longer improving at 6.3 mm; moving on
  over      pad=(0.7440,-0.2051,0.2500) miss=  6.3mm d=(-1.0,+4.8,-3.9) q_err=0.007(j2) ik=0mm corr=(-1,-1,+3) base=(0.423,-0.044,0.501) | x 0.7457..0.8509 (105.2) y -0.3103..-0.2899 (20.3) z 0.0833..0.1017
            base_link=(-0.0196,+0.0032,-0.0000) yaw=+0.00606  spine=0.0
  .. align: no longer improving at 3.6 mm; moving on
  align     pad=(0.7440,-0.2051,0.1240) miss=  3.6mm d=(-1.6,-2.3,+2.3) q_err=0.009(j4) ik=0mm corr=(+2,+2,+1) base=(0.422,-0.044,0.501) | x 0.7457..0.8509 (105.2) y -0.3103..-0.2899 (20.3) z 0.0833..0.1017
            base_link=(-0.0198,+0.0031,-0.0000) yaw=+0.00600  spine=0.0
  .. insert: no longer improving at 2.5 mm; moving on
  insert    pad=(0.7440,-0.3001,0.1240) miss=  2.5mm d=(-2.3,-0.9,+0.4) q_err=0.005(j6) ik=0mm corr=(+3,+3,+1) base=(0.418,-0.047,0.501) | x 0.7443..0.8491 (104.9) y -0.3180..-0.2895 (28.5) z 0.0829..0.1028
            base_link=(-0.0238,+0.0003,-0.0000) yaw=+0.00606  spine=0.0
  scoop     pad=(0.7440,-0.3001,0.1470) miss=  0.8mm d=(+0.6,+0.4,+0.2) q_err=0.008(j4) ik=0mm corr=(+2,+1,-0) base=(0.419,-0.047,0.501) | x 0.7396..0.8520 (112.4) y -0.3171..-0.2889 (28.2) z 0.0876..0.1035
            base_link=(-0.0235,+0.0005,-0.0000) yaw=+0.00605  spine=0.0
  close     pad=(0.7440,-0.3001,0.1470) miss=  0.9mm d=(+0.7,+0.4,+0.5) q_err=0.007(j4) ik=0mm corr=(+2,+1,-0) base=(0.419,-0.047,0.501) | x 0.7396..0.8520 (112.4) y -0.3171..-0.2889 (28.2) z 0.0876..0.1035
            base_link=(-0.0235,+0.0004,-0.0000) yaw=+0.00605  spine=0.0
  lift      pad=(0.7440,-0.3001,0.2300) miss=  0.9mm d=(-0.8,-0.3,+0.1) q_err=0.004(j3) ik=0mm corr=(+0,-2,-1) base=(0.420,-0.046,0.501) | x 0.7424..0.7596 ( 17.2) y -0.3176..-0.2954 (22.2) z 0.1165..0.2296
            base_link=(-0.0219,+0.0016,-0.0000) yaw=+0.00656  spine=0.0
  grip CONFIRMED: strip rose to z 0.1165..0.2296 (hang 113.5 mm, so the live bite is 6.5 mm)
  reconf    pad=(0.7440,-0.3001,0.2800) miss=  1.1mm d=(-0.0,+0.2,+1.1) q_err=0.008(j4) ik=0mm corr=(+2,+2,-1) base=(0.420,-0.046,0.501) | x 0.7425..0.7588 ( 16.3) y -0.3164..-0.2929 (23.5) z 0.1659..0.2794
            base_link=(-0.0220,+0.0015,-0.0000) yaw=+0.00652  spine=0.0
  mirror: skipping the reconfiguration (placing at the grip yaw)
  .. flip: no longer improving at 3.0 mm; moving on
  flip      pad=(0.7440,-0.3001,0.2800) miss=  3.0mm d=(-0.7,-0.5,+2.9) q_err=0.009(j1) ik=0mm corr=(+1,+2,+2) base=(0.420,-0.046,0.501) | x 0.7430..0.7595 ( 16.5) y -0.3155..-0.2924 (23.1) z 0.1648..0.2781
            base_link=(-0.0219,+0.0015,-0.0000) yaw=+0.00653  spine=0.0
  hanging length measured 112.1 mm (clamp z=0.2797); arc radius 110.1 mm
  preride   pad=(0.7440,-0.3001,0.3450) miss=  1.4mm d=(+0.2,+0.2,-1.4) q_err=0.008(j4) ik=0mm corr=(+1,+2,-1) base=(0.420,-0.046,0.501) | x 0.7421..0.7586 ( 16.4) y -0.3151..-0.2917 (23.4) z 0.2333..0.3465
            base_link=(-0.0220,+0.0015,-0.0000) yaw=+0.00654  spine=0.0
  advancing the base to (+0.100,+0.320) for the place reach
  [base_goto A 0.18s: (-0.022,+0.001) -> (-0.022,+0.007) yaw=+0.002]
  [base_goto A 0.18s: (-0.022,+0.007) -> (-0.021,+0.031) yaw=+0.001]
  [base_goto A 0.18s: (-0.021,+0.031) -> (-0.021,+0.096) yaw=+0.001]
  [base_goto A 0.13s: (-0.021,+0.096) -> (-0.021,+0.102) yaw=+0.001]
  [base_goto A 0.10s: (-0.021,+0.102) -> (-0.020,+0.225) yaw=+0.001]
  [base_goto B 0.09s: (-0.020,+0.225) -> (-0.020,+0.237) yaw=+0.001]
  [base_goto B 0.05s: (-0.020,+0.237) -> (-0.020,+0.203) yaw=+0.001]
  [base_goto B 0.05s: (-0.020,+0.203) -> (-0.020,+0.158) yaw=+0.002]
  [base_goto B 0.05s: (-0.020,+0.158) -> (-0.020,+0.116) yaw=+0.002]
  base parked at (-0.0197,+0.1163) yaw=+0.002, err 11.7 mm (locked)
  [base_goto A 0.18s: (-0.020,+0.116) -> (-0.018,+0.152) yaw=+0.005]
  [base_goto A 0.18s: (-0.018,+0.152) -> (-0.017,+0.239) yaw=+0.006]
  base parked at (-0.0170,+0.2388) yaw=+0.006, err 17.4 mm (locked)
  [base_goto FWD 0.18s: (-0.017,+0.240) -> (-0.015,+0.252) yaw=+0.008]
  [base_goto FWD 0.18s: (-0.015,+0.252) -> (+0.050,+0.257) yaw=+0.014]
  [base_goto A 0.18s: (+0.050,+0.257) -> (+0.057,+0.264) yaw=+0.009]
  [base_goto A 0.18s: (+0.057,+0.264) -> (+0.058,+0.301) yaw=+0.009]
  [base_goto FWD 0.18s: (+0.058,+0.301) -> (+0.065,+0.308) yaw=+0.015]
  [base_goto FWD 0.15s: (+0.065,+0.308) -> (+0.118,+0.312) yaw=+0.017]
  base parked at (+0.1185,+0.3117) yaw=+0.017, err 20.2 mm (locked)
  [base_goto BACK 0.08s: (+0.119,+0.312) -> (+0.124,+0.314) yaw=+0.020]
  [base_goto BACK 0.10s: (+0.124,+0.314) -> (+0.099,+0.312) yaw=+0.023]
  base parked at (+0.0990,+0.3116) yaw=+0.023, err 8.4 mm (locked)
  [arm base [0.5338 0.2696 0.5009]]
  streaming origin reset to the ridden tool position (0.862,+0.021,0.343)
  drape v-offset +10.6 mm; shifting the clamp aim to v=-0.0106
  laid length 120.0 mm (arc radius 110.1, measured bite 11.8); anchor u=+0.0560 world (0.8585,-0.0028) yaw +0.0 deg
  carry     pad=(0.8450,-0.0134,0.2300) miss=  1.4mm d=(+0.5,+0.5,+1.2) q_err=0.008(j1) ik=0mm corr=(+1,+1,+4) base=(0.532,0.269,0.501) | x 0.8429..0.8611 ( 18.1) y -0.0155..0.0117 (27.2) z 0.1176..0.2312
            base_link=(+0.0893,+0.3084,+0.0000) yaw=+0.02365  spine=3e-05
  base parked at (+0.0893,+0.3084) yaw=+0.024, err 15.8 mm (locked)
  [arm base [0.532  0.2695 0.5009]]
  anchor    glide-converged miss=  6.6mm d=(+0.3,+2.1,-6.2) base_link=(+0.0899,+0.3096) yaw=+0.025 | x 0.8402..0.8600 ( 19.8) y -0.0164..0.0105 (26.8) z 0.0009..0.1085
  anchored: free end (u+0.0578,v-0.0037) from 322 board points, want (u+0.0560,v+0.0000) -> miss (-1.8,+3.7) mm
  arc80     glide-converged miss=  3.1mm d=(-1.7,+1.0,+2.4) base_link=(+0.0901,+0.3098) yaw=+0.025 | x 0.8241..0.8595 ( 35.4) y -0.0164..0.0119 (28.3) z 0.0010..0.1089
  arc70     glide-converged miss=  3.0mm d=(-2.8,+0.9,+0.6) base_link=(+0.0901,+0.3098) yaw=+0.025 | x 0.8064..0.8576 ( 51.2) y -0.0165..0.0116 (28.1) z 0.0011..0.1049
  arc60     glide-converged miss=  2.5mm d=(-2.2,+1.1,-0.6) base_link=(+0.0900,+0.3097) yaw=+0.025 | x 0.7878..0.8562 ( 68.4) y -0.0165..0.0116 (28.1) z 0.0017..0.0975
  arc50     glide-converged miss=  2.2mm d=(-1.9,+0.8,-0.7) base_link=(+0.0901,+0.3098) yaw=+0.025 | x 0.7723..0.8513 ( 79.1) y -0.0165..0.0122 (28.6) z 0.0024..0.0864
  arc40     glide-converged miss=  2.1mm d=(-1.5,+1.0,-1.2) base_link=(+0.0900,+0.3098) yaw=+0.025 | x 0.7581..0.8489 ( 90.8) y -0.0162..0.0120 (28.2) z 0.0024..0.0725
  arc32     glide-converged miss=  4.8mm d=(-2.6,+0.2,-4.0) base_link=(+0.0904,+0.3103) yaw=+0.026 | x 0.7528..0.8477 ( 94.9) y -0.0160..0.0128 (28.8) z 0.0024..0.0647
  arc release point (30 deg) reached; dropping the rest from here
  tray-lay: part-opened at z=0.060; paying the tail out | x 0.7665..0.8475 ( 81.0) y -0.0165..0.0364 (52.9) z 0.0012..0.0539
  tray-lay: ramped to (x 0.7276, z 0.037) | x 0.7542..0.8474 ( 93.2) y -0.0169..0.0389 (55.9) z 0.0006..0.0125
  released in place | x 0.7618..0.8471 ( 85.4) y -0.0179..0.0356 (53.5) z 0.0004..0.0125
  [arm base [0.585  0.3386 0.5037]]
  slid off the strip end | x 0.7625..0.8469 ( 84.4) y -0.0184..0.0352 (53.5) z 0.0004..0.0123
  slow shed to z=0.067 | x 0.7627..0.8469 ( 84.1) y -0.0186..0.0349 (53.5) z 0.0004..0.0124
  slow shed to z=0.097 | x 0.7598..0.8468 ( 87.0) y -0.0186..0.0370 (55.6) z 0.0003..0.0107
  jaws full-open at z=0.097 (slot un-threaded) | x 0.7591..0.8465 ( 87.4) y -0.0185..0.0377 (56.2) z 0.0001..0.0099
  slow shed to z=0.127 | x 0.7525..0.8267 ( 74.2) y -0.0117..0.0913 (103.0) z 0.0001..0.0038
  !! shed TOWED the strip 33 mm (-13,+30)
  sidestep +99 mm toward the base at z=0.127 | x 0.7504..0.8255 ( 75.1) y -0.0136..0.0929 (106.5) z 0.0001..0.0038
  guard climb to z=0.157 | x 0.7500..0.8252 ( 75.2) y -0.0140..0.0930 (107.1) z 0.0001..0.0038
  guard climb to z=0.187 | x 0.7497..0.8249 ( 75.2) y -0.0144..0.0931 (107.5) z 0.0001..0.0038
  guard climb to z=0.217 | x 0.7497..0.8249 ( 75.2) y -0.0144..0.0931 (107.5) z 0.0001..0.0038
  lifted straight to z=0.230 | x 0.7497..0.8249 ( 75.2) y -0.0144..0.0931 (107.5) z 0.0001..0.0038

final strip: x 0.7497..0.8249 ( 75.2) y -0.0144..0.0931 (107.5) z 0.0001..0.0038
target AABB x 0.7425..0.8625, y -0.0128..+0.0072 (yaw +0.0 deg)
final target AABB px (578.3,312.6,653.3,325.4)
crude bbox IoU estimate 0.167
-- live loose target bbox (293, 322, 566, 641) outranks the chain's tracked (313, 325, 578, 653) (plate moved post-track)
-- attempt 18: official evaluate both_liner_dominant, raw IoU 0.3441
-- ladder horizon: 28 attempts (wall budget binds before the 36-attempt cap)
== official_run: attempt 19/36 ==
-- semantic ids locked: {'thermalpad': 2, 'target': 4, 'liner': 5}
  plate LOCKED (id 4, 709px): (0.8025,-0.0028) yaw +0.00 deg
strip at rest: x 0.7457..0.8510 (105.3) y -0.3103..-0.2898 (20.5) z 0.0834..0.1017
  liner-up confirmed on the pedestal (cyan 778px)
-x overhang 13.8 mm, ends at z=0.0917; clamp exit x=0.7575, pad centre x=0.7440, bite 11.8 mm
  base parked at (-0.0211,+0.0000) yaw=+0.000, err 1.1 mm (locked)
  [arm base [ 0.4209 -0.0499  0.5009]]
  .. over: no longer improving at 8.8 mm; moving on
  over      pad=(0.7440,-0.2050,0.2500) miss=  8.8mm d=(-6.3,-5.4,-3.0) q_err=0.011(j4) ik=0mm corr=(+4,+4,+4) base=(0.414,-0.055,0.501) | x 0.7457..0.8510 (105.3) y -0.3103..-0.2898 (20.5) z 0.0834..0.1017
            base_link=(-0.0281,-0.0040,-0.0000) yaw=-0.00208  spine=0.0
  .. align: no longer improving at 6.0 mm; moving on
  align     pad=(0.7440,-0.2050,0.1240) miss=  6.0mm d=(+4.7,+3.5,-0.8) q_err=0.014(j4) ik=0mm corr=(+0,+1,+3) base=(0.414,-0.055,0.501) | x 0.7457..0.8510 (105.3) y -0.3103..-0.2898 (20.5) z 0.0834..0.1017
            base_link=(-0.0278,-0.0038,-0.0000) yaw=-0.00213  spine=0.0
  .. insert: no longer improving at 84.5 mm; moving on
  insert    pad=(0.7440,-0.3000,0.1240) miss= 84.5mm d=(+7.4,-17.8,+82.3) q_err=0.489(j6) ik=0mm corr=(-3,-33,+26) base=(0.417,-0.019,0.501) | x 0.7573..0.8483 ( 91.0) y -0.3246..-0.2796 (45.0) z 0.0453..0.1101
            base_link=(-0.0269,+0.0055,-0.0000) yaw=+0.05772  spine=0.0
  !! insert did not converge (d=(7.4,-17.8,82.3) mm vs gate (3, 12, 8) / retry x 3.8); NOT closing — aborting
-- attempt 19: chain aborted (fail-closed, arms parked)
-- ladder horizon: 30 attempts (wall budget binds before the 36-attempt cap)
== official_run: attempt 20/36 ==
!! id capture: ids not inferable (scene not in a clean start configuration?)
!! attempt start: scene is not in a clean start configuration — resetting before spending the attempt
-- semantic ids locked: {'thermalpad': 2, 'target': 4, 'liner': 5}
  plate LOCKED (id 4, 709px): (0.8025,-0.0028) yaw +0.00 deg
strip at rest: x 0.7457..0.8509 (105.2) y -0.3103..-0.2899 (20.4) z 0.0833..0.1017
  liner-up confirmed on the pedestal (cyan 787px)
-x overhang 13.9 mm, ends at z=0.0917; clamp exit x=0.7575, pad centre x=0.7440, bite 11.9 mm
  base parked at (-0.0194,+0.0002) yaw=+0.000, err 0.7 mm (locked)
  [arm base [ 0.4226 -0.0498  0.5009]]
  over      pad=(0.7440,-0.2050,0.2500) miss=  1.4mm d=(-1.0,-0.9,-0.3) q_err=0.004(j1) ik=0mm corr=(+0,+2,+1) base=(0.421,-0.045,0.501) | x 0.7457..0.8509 (105.2) y -0.3103..-0.2899 (20.4) z 0.0833..0.1017
            base_link=(-0.0211,+0.0021,-0.0000) yaw=+0.00633  spine=0.0
  align     pad=(0.7440,-0.2050,0.1240) miss=  1.3mm d=(+0.1,-0.0,+1.3) q_err=0.007(j1) ik=0mm corr=(+2,+2,+3) base=(0.421,-0.046,0.501) | x 0.7457..0.8509 (105.2) y -0.3103..-0.2899 (20.4) z 0.0833..0.1017
            base_link=(-0.0216,+0.0017,-0.0000) yaw=+0.00635  spine=0.0
  insert    pad=(0.7440,-0.3000,0.1240) miss=  7.7mm d=(-2.1,+4.4,+6.0) q_err=0.441(j6) ik=0mm corr=(-2,-36,+95) base=(0.472,0.038,0.501) | x 0.7732..0.8311 ( 58.0) y -0.3678..-0.3141 (53.7) z 0.0186..0.0599
            base_link=(+0.0271,+0.0476,+0.0000) yaw=+0.09051  spine=1e-05
  scoop     pad=(0.7440,-0.3000,0.1470) miss=  1.3mm d=(-0.2,-0.2,-1.3) q_err=0.416(j6) ik=0mm corr=(-6,-30,+96) base=(0.472,0.038,0.501) | x 0.7732..0.8311 ( 58.0) y -0.3678..-0.3141 (53.7) z 0.0186..0.0599
            base_link=(+0.0271,+0.0476,+0.0000) yaw=+0.09049  spine=1e-05
  close     pad=(0.7440,-0.3000,0.1470) miss=  0.4mm d=(-0.1,-0.1,-0.3) q_err=0.417(j6) ik=0mm corr=(-6,-30,+96) base=(0.472,0.038,0.501) | x 0.7732..0.8311 ( 58.0) y -0.3678..-0.3141 (53.7) z 0.0186..0.0599
            base_link=(+0.0271,+0.0477,+0.0000) yaw=+0.09048  spine=1e-05
  .. lift: no longer improving at 9.2 mm; moving on
  lift      pad=(0.7440,-0.3000,0.2300) miss=  9.2mm d=(-0.8,-0.3,+9.1) q_err=0.571(j6) ik=0mm corr=(+10,-59,+118) base=(0.474,0.040,0.501) | x 0.7732..0.8311 ( 58.0) y -0.3678..-0.3141 (53.7) z 0.0186..0.0599
            base_link=(+0.0293,+0.0494,+0.0000) yaw=+0.09090  spine=0.0
  !! the strip did not come up (z 0.0186..0.0599); aborting before the swing
  parking before exit
-- attempt 20: chain aborted (fail-closed, arms parked)
-- ladder horizon: 30 attempts (wall budget binds before the 36-attempt cap)
== official_run: attempt 21/36 ==
-- semantic ids locked: {'thermalpad': 2, 'target': 4, 'liner': 5}
  plate LOCKED (id 4, 709px): (0.8025,-0.0028) yaw +0.00 deg
strip at rest: x 0.7457..0.8509 (105.2) y -0.3103..-0.2899 (20.4) z 0.0833..0.1017
  liner-up confirmed on the pedestal (cyan 783px)
-x overhang 13.8 mm, ends at z=0.0917; clamp exit x=0.7575, pad centre x=0.7440, bite 11.8 mm
  base parked at (-0.0210,+0.0001) yaw=+0.000, err 1.0 mm (locked)
  [arm base [ 0.4209 -0.05    0.5009]]
  .. over: no longer improving at 8.0 mm; moving on
  over      pad=(0.7440,-0.2050,0.2500) miss=  8.0mm d=(-5.5,-4.9,-3.2) q_err=0.012(j4) ik=0mm corr=(+3,+3,+4) base=(0.414,-0.055,0.501) | x 0.7457..0.8509 (105.2) y -0.3103..-0.2899 (20.4) z 0.0833..0.1017
            base_link=(-0.0276,-0.0033,-0.0000) yaw=-0.00237  spine=0.0
  align     pad=(0.7440,-0.2050,0.1240) miss=  1.4mm d=(-0.0,+0.2,-1.4) q_err=0.008(j4) ik=0mm corr=(+2,+2,+2) base=(0.415,-0.054,0.501) | x 0.7457..0.8509 (105.2) y -0.3103..-0.2899 (20.4) z 0.0833..0.1017
            base_link=(-0.0268,-0.0028,-0.0000) yaw=-0.00242  spine=0.0
  .. insert: no longer improving at 2.6 mm; moving on
  insert    pad=(0.7440,-0.3000,0.1240) miss=  2.6mm d=(-2.5,-0.1,+0.3) q_err=0.004(j6) ik=0mm corr=(+3,+2,+1) base=(0.414,-0.054,0.501) | x 0.7444..0.8492 (104.9) y -0.3181..-0.2897 (28.4) z 0.0830..0.1027
            base_link=(-0.0278,-0.0034,-0.0000) yaw=-0.00240  spine=0.0
  scoop     pad=(0.7440,-0.3000,0.1470) miss=  1.4mm d=(+0.3,+0.2,-1.3) q_err=0.007(j4) ik=0mm corr=(+2,+2,+1) base=(0.414,-0.054,0.501) | x 0.7545..0.8522 ( 97.7) y -0.3166..-0.2894 (27.2) z 0.0883..0.1182
            base_link=(-0.0276,-0.0033,-0.0000) yaw=-0.00237  spine=0.0
  close     pad=(0.7440,-0.3000,0.1470) miss=  1.2mm d=(+0.2,+0.1,-1.2) q_err=0.006(j4) ik=0mm corr=(+2,+2,+1) base=(0.414,-0.054,0.501) | x 0.7523..0.8521 ( 99.8) y -0.3165..-0.2894 (27.0) z 0.0883..0.1179
            base_link=(-0.0276,-0.0033,-0.0000) yaw=-0.00233  spine=0.0
  lift      pad=(0.7440,-0.3000,0.2300) miss=  1.2mm d=(-0.6,+1.0,+0.3) q_err=0.007(j4) ik=0mm corr=(-0,-3,+1) base=(0.415,-0.054,0.501) | x 0.7440..0.7605 ( 16.5) y -0.3185..-0.2969 (21.6) z 0.1148..0.2304
            base_link=(-0.0266,-0.0026,-0.0000) yaw=-0.00251  spine=0.0
  grip CONFIRMED: strip rose to z 0.1148..0.2304 (hang 115.0 mm, so the live bite is 5.0 mm)
  reconf    pad=(0.7440,-0.3000,0.2800) miss=  1.4mm d=(-0.6,-0.1,-1.2) q_err=0.005(j4) ik=0mm corr=(+1,+1,+0) base=(0.415,-0.054,0.500) | x 0.7454..0.7615 ( 16.0) y -0.3168..-0.2931 (23.7) z 0.1650..0.2813
            base_link=(-0.0268,-0.0027,-0.0000) yaw=-0.00244  spine=0.0
  mirror: skipping the reconfiguration (placing at the grip yaw)
  flip      pad=(0.7440,-0.3000,0.2800) miss=  0.8mm d=(-0.6,+0.0,-0.5) q_err=0.003(j4) ik=0mm corr=(+1,+1,+0) base=(0.415,-0.054,0.501) | x 0.7453..0.7609 ( 15.6) y -0.3170..-0.2932 (23.8) z 0.1643..0.2805
            base_link=(-0.0267,-0.0027,-0.0000) yaw=-0.00243  spine=0.0
  hanging length measured 114.9 mm (clamp z=0.2788); arc radius 112.9 mm
  preride   pad=(0.7440,-0.3000,0.3450) miss=  1.5mm d=(-0.1,+0.1,-1.5) q_err=0.005(j4) ik=0mm corr=(+1,+2,+1) base=(0.415,-0.054,0.501) | x 0.7455..0.7608 ( 15.4) y -0.3159..-0.2918 (24.1) z 0.2300..0.3463
            base_link=(-0.0270,-0.0029,-0.0000) yaw=-0.00250  spine=0.0
  advancing the base to (+0.100,+0.320) for the place reach
  [base_goto A 0.18s: (-0.027,-0.003) -> (-0.026,+0.001) yaw=-0.007]
  [base_goto A 0.18s: (-0.026,+0.001) -> (-0.026,+0.009) yaw=-0.007]
  [base_goto A 0.18s: (-0.026,+0.009) -> (-0.026,+0.054) yaw=-0.007]
  [base_goto A 0.18s: (-0.026,+0.054) -> (-0.025,+0.132) yaw=-0.008]
  base parked at (-0.0251,+0.1316) yaw=-0.008, err 6.2 mm (locked)
  [base_goto A 0.18s: (-0.025,+0.134) -> (-0.019,+0.210) yaw=-0.005]
  [base_goto A 0.18s: (-0.019,+0.210) -> (-0.017,+0.303) yaw=-0.005]
  [base_goto B 0.18s: (-0.017,+0.303) -> (-0.017,+0.315) yaw=-0.005]
  [base_goto B 0.09s: (-0.017,+0.315) -> (-0.018,+0.232) yaw=-0.005]
  base parked at (-0.0176,+0.2320) yaw=-0.005, err 24.1 mm (locked)
  [base_goto FWD 0.18s: (-0.018,+0.231) -> (-0.020,+0.222) yaw=+0.000]
  [base_goto FWD 0.18s: (-0.020,+0.222) -> (-0.004,+0.223) yaw=+0.001]
  [base_goto FWD 0.18s: (-0.004,+0.223) -> (+0.043,+0.223) yaw=+0.002]
  [base_goto A 0.18s: (+0.043,+0.223) -> (+0.052,+0.230) yaw=-0.004]
  [base_goto A 0.18s: (+0.052,+0.230) -> (+0.054,+0.275) yaw=-0.004]
  [base_goto A 0.18s: (+0.054,+0.275) -> (+0.055,+0.355) yaw=-0.003]
  [base_goto FWD 0.18s: (+0.055,+0.355) -> (+0.065,+0.370) yaw=-0.003]
  [base_goto B 0.18s: (+0.065,+0.370) -> (+0.065,+0.373) yaw=+0.012]
  [base_goto B 0.18s: (+0.065,+0.373) -> (+0.064,+0.326) yaw=+0.012]
  [base_goto FWD 0.15s: (+0.064,+0.326) -> (+0.069,+0.324) yaw=+0.015]
  [base_goto FWD 0.12s: (+0.069,+0.324) -> (+0.132,+0.328) yaw=+0.018]
  [base_goto BACK 0.13s: (+0.132,+0.328) -> (+0.093,+0.328) yaw=+0.018]
  !! base_goto gave up at (+0.0929,+0.3276) yaw=+0.018 (err 10 mm)
  base parked at (+0.0911,+0.3275) yaw=+0.018, err 11.6 mm (locked)
  [arm base [0.5279 0.2856 0.5009]]
  streaming origin reset to the ridden tool position (0.863,+0.048,0.344)
  drape v-offset +17.5 mm; shifting the clamp aim to v=-0.0175
  laid length 120.0 mm (arc radius 112.9, measured bite 11.8); anchor u=+0.0560 world (0.8585,-0.0028) yaw +0.0 deg
  carry     pad=(0.8450,-0.0204,0.2300) miss=  1.0mm d=(-0.7,-0.5,+0.6) q_err=0.011(j4) ik=0mm corr=(+1,+2,+5) base=(0.531,0.288,0.501) | x 0.8528..0.8647 ( 11.9) y -0.0197..0.0121 (31.8) z 0.1109..0.2339
            base_link=(+0.0884,+0.3289,+0.0000) yaw=+0.02185  spine=2e-05
  base parked at (+0.0884,+0.3289) yaw=+0.022, err 14.6 mm (locked)
  [arm base [0.5313 0.2905 0.5009]]
  anchor    glide-converged miss=  4.7mm d=(-0.4,+0.0,-4.7) base_link=(+0.0895,+0.3304) yaw=+0.026 | x 0.8464..0.8623 ( 15.9) y -0.0194..0.0145 (34.0) z 0.0015..0.1138
  anchored: free end (u+0.0600,v+0.0074) from 402 board points, want (u+0.0560,v+0.0000) -> miss (-4.0,-7.4) mm
  .. anchor lateral miss -7.4 mm trips the 4 mm gate with retries left; peeling and re-landing instead of burning the draw
  retrying the touchdown from clamp (u+0.0381,v-0.0220)
  relift0   pad=(0.8406,-0.0248,0.2300) miss=  1.4mm d=(+0.0,+0.1,-1.4) q_err=0.004(j4) ik=0mm corr=(+1,+1,+0) base=(0.532,0.291,0.501) | x 0.8484..0.8596 ( 11.2) y -0.0230..0.0092 (32.1) z 0.1100..0.2338
            base_link=(+0.0892,+0.3302,+0.0000) yaw=+0.02563  spine=2e-05
  base parked at (+0.0892,+0.3302) yaw=+0.026, err 14.8 mm (locked)
  [arm base [0.5324 0.2939 0.5009]]
  anchor1   glide-converged miss=  4.6mm d=(-1.2,-2.1,-4.0) base_link=(+0.0903,+0.3318) yaw=+0.034 | x 0.8498..0.8611 ( 11.3) y -0.0198..0.0142 (34.0) z 0.0009..0.1156
  anchored: free end (u+0.0589,v+0.0071) from 322 board points, want (u+0.0560,v+0.0000) -> miss (-2.9,-7.1) mm
  .. anchor lateral miss -7.1 mm trips the 4 mm gate with retries left; peeling and re-landing instead of burning the draw
  retrying the touchdown from clamp (u+0.0363,v-0.0262)
  relift1   pad=(0.8388,-0.0291,0.2300) miss=  1.5mm d=(+0.8,+1.3,+0.1) q_err=0.007(j4) ik=0mm corr=(+2,+2,-0) base=(0.534,0.298,0.501) | x 0.8468..0.8558 (  9.0) y -0.0243..0.0073 (31.6) z 0.1098..0.2336
            base_link=(+0.0908,+0.3325,+0.0000) yaw=+0.03474  spine=1e-05
  base parked at (+0.0908,+0.3325) yaw=+0.035, err 15.5 mm (locked)
  [arm base [0.5343 0.3003 0.5009]]
  anchor2   glide-converged miss=  6.4mm d=(-2.3,-4.4,-3.9) base_link=(+0.0921,+0.3344) yaw=+0.046 | x 0.8488..0.8600 ( 11.2) y -0.0171..0.0147 (31.7) z 0.0011..0.1155
  anchored: free end (u+0.0576,v+0.0075) from 322 board points, want (u+0.0560,v+0.0000) -> miss (-1.6,-7.5) mm
  !! anchor lateral miss -7.5 mm exceeds the 4 mm gate - the lay would run diagonal; aborting for a fresh draw
  parking before exit
-- attempt 21: chain aborted (fail-closed, arms parked)
-- ladder horizon: 30 attempts (wall budget binds before the 36-attempt cap)
== official_run: attempt 22/36 ==
-- semantic ids locked: {'thermalpad': 2, 'target': 4, 'liner': 5}
  plate LOCKED (id 4, 709px): (0.8025,-0.0028) yaw +0.00 deg
strip at rest: x 0.7457..0.8509 (105.2) y -0.3103..-0.2898 (20.5) z 0.0833..0.1017
  liner-up confirmed on the pedestal (cyan 780px)
-x overhang 13.8 mm, ends at z=0.0916; clamp exit x=0.7575, pad centre x=0.7440, bite 11.8 mm
  base parked at (-0.0211,+0.0001) yaw=+0.000, err 1.1 mm (locked)
  [arm base [ 0.4208 -0.0499  0.5009]]
  over      pad=(0.7440,-0.2050,0.2500) miss=  1.0mm d=(-0.4,-0.0,-0.9) q_err=0.003(j1) ik=0mm corr=(-0,+0,+2) base=(0.416,-0.053,0.501) | x 0.7457..0.8509 (105.2) y -0.3103..-0.2898 (20.5) z 0.0833..0.1017
            base_link=(-0.0254,-0.0019,-0.0000) yaw=-0.00281  spine=0.0
  align     pad=(0.7440,-0.2050,0.1240) miss=  1.4mm d=(+0.3,+0.1,+1.3) q_err=0.007(j1) ik=0mm corr=(+2,+2,+3) base=(0.416,-0.053,0.501) | x 0.7457..0.8509 (105.2) y -0.3103..-0.2898 (20.5) z 0.0833..0.1017
            base_link=(-0.0256,-0.0021,-0.0000) yaw=-0.00280  spine=0.0
  .. insert: no longer improving at 2.4 mm; moving on
  insert    pad=(0.7440,-0.3000,0.1240) miss=  2.4mm d=(-2.3,-0.8,+0.3) q_err=0.004(j6) ik=0mm corr=(+2,+3,+1) base=(0.416,-0.054,0.501) | x 0.7443..0.8493 (105.0) y -0.3174..-0.2898 (27.6) z 0.0831..0.1026
            base_link=(-0.0263,-0.0026,-0.0000) yaw=-0.00267  spine=0.0
  scoop     pad=(0.7440,-0.3000,0.1470) miss=  0.8mm d=(-0.0,+0.0,-0.8) q_err=0.006(j4) ik=0mm corr=(+2,+2,+1) base=(0.415,-0.054,0.501) | x 0.7414..0.8514 (109.9) y -0.3157..-0.2895 (26.2) z 0.0861..0.1051
            base_link=(-0.0263,-0.0026,-0.0000) yaw=-0.00268  spine=0.0
  close     pad=(0.7440,-0.3000,0.1470) miss=  0.4mm d=(-0.1,-0.1,-0.3) q_err=0.004(j4) ik=0mm corr=(+2,+2,+1) base=(0.416,-0.054,0.501) | x 0.7414..0.8514 (109.9) y -0.3157..-0.2895 (26.2) z 0.0861..0.1051
            base_link=(-0.0263,-0.0026,-0.0000) yaw=-0.00269  spine=0.0
  lift      pad=(0.7440,-0.3000,0.2300) miss=  1.1mm d=(+0.4,-0.7,-0.7) q_err=0.004(j4) ik=0mm corr=(+0,-1,+1) base=(0.415,-0.054,0.501) | x 0.7418..0.7579 ( 16.1) y -0.3154..-0.2941 (21.3) z 0.1176..0.2312
            base_link=(-0.0265,-0.0028,-0.0000) yaw=-0.00244  spine=0.0
  grip CONFIRMED: strip rose to z 0.1176..0.2312 (hang 113.1 mm, so the live bite is 6.9 mm)
  reconf    pad=(0.7440,-0.3000,0.2800) miss=  1.1mm d=(-0.2,+0.0,-1.1) q_err=0.008(j4) ik=0mm corr=(+1,+2,-0) base=(0.416,-0.054,0.501) | x 0.7429..0.7598 ( 17.0) y -0.3147..-0.2927 (22.0) z 0.1678..0.2814
            base_link=(-0.0262,-0.0026,-0.0000) yaw=-0.00243  spine=0.0
  mirror: skipping the reconfiguration (placing at the grip yaw)
  flip      pad=(0.7440,-0.3000,0.2800) miss=  0.4mm d=(-0.1,+0.1,-0.4) q_err=0.005(j4) ik=0mm corr=(+1,+2,-0) base=(0.416,-0.054,0.501) | x 0.7428..0.7587 ( 15.9) y -0.3146..-0.2927 (21.9) z 0.1672..0.2808
            base_link=(-0.0262,-0.0026,-0.0000) yaw=-0.00247  spine=0.0
  hanging length measured 112.6 mm (clamp z=0.2776); arc radius 110.6 mm
  preride   pad=(0.7440,-0.3000,0.3450) miss=  0.9mm d=(+0.4,+0.5,-0.5) q_err=0.010(j4) ik=0mm corr=(+1,+3,-1) base=(0.415,-0.054,0.501) | x 0.7424..0.7583 ( 15.9) y -0.3140..-0.2919 (22.0) z 0.2327..0.3461
            base_link=(-0.0264,-0.0027,-0.0000) yaw=-0.00245  spine=0.0
  advancing the base to (+0.100,+0.320) for the place reach
  [base_goto A 0.18s: (-0.026,-0.003) -> (-0.026,+0.003) yaw=-0.008]
  [base_goto A 0.18s: (-0.026,+0.003) -> (-0.026,+0.009) yaw=-0.008]
  [base_goto A 0.28s: (-0.026,+0.009) -> (-0.025,+0.072) yaw=-0.008]
  [base_goto A 0.18s: (-0.025,+0.072) -> (-0.025,+0.158) yaw=-0.008]
  [base_goto B 0.12s: (-0.025,+0.158) -> (-0.025,+0.167) yaw=-0.008]
  [base_goto B 0.09s: (-0.025,+0.167) -> (-0.025,+0.129) yaw=-0.009]
  base parked at (-0.0250,+0.1294) yaw=-0.009, err 5.2 mm (locked)
  [base_goto A 0.18s: (-0.025,+0.127) -> (-0.024,+0.161) yaw=-0.007]
  [base_goto A 0.18s: (-0.024,+0.161) -> (-0.022,+0.249) yaw=-0.007]
  base parked at (-0.0222,+0.2506) yaw=-0.007, err 7.1 mm (locked)
  [base_goto FWD 0.18s: (-0.022,+0.252) -> (-0.020,+0.263) yaw=-0.010]
  [base_goto FWD 0.18s: (-0.020,+0.263) -> (+0.049,+0.267) yaw=-0.004]
  [base_goto A 0.18s: (+0.049,+0.267) -> (+0.059,+0.269) yaw=-0.004]
  [base_goto A 0.18s: (+0.059,+0.269) -> (+0.061,+0.302) yaw=-0.005]
  [base_goto FWD 0.17s: (+0.061,+0.302) -> (+0.074,+0.309) yaw=+0.003]
  [base_goto FWD 0.11s: (+0.074,+0.309) -> (+0.100,+0.312) yaw=+0.005]
  base parked at (+0.0996,+0.3124) yaw=+0.005, err 7.6 mm (locked)
  base parked at (+0.1015,+0.3125) yaw=+0.006, err 7.6 mm (locked)
  [arm base [0.5518 0.2718 0.5009]]
  streaming origin reset to the ridden tool position (0.884,+0.031,0.342)
  drape v-offset +10.4 mm; shifting the clamp aim to v=-0.0104
  laid length 120.0 mm (arc radius 110.6, measured bite 11.8); anchor u=+0.0560 world (0.8585,-0.0028) yaw +0.0 deg
  .. carry: no longer improving at 4.0 mm; moving on
  carry     pad=(0.8450,-0.0132,0.2300) miss=  4.0mm d=(-0.8,-0.5,-3.9) q_err=0.005(j4) ik=0mm corr=(+3,+3,+5) base=(0.555,0.276,0.501) | x 0.8439..0.8626 ( 18.8) y -0.0163..0.0122 (28.4) z 0.1220..0.2354
            base_link=(+0.1125,+0.3203,+0.0000) yaw=+0.01313  spine=1e-05
  base parked at (+0.1125,+0.3203) yaw=+0.013, err 12.6 mm (locked)
  [arm base [0.5554 0.279  0.5009]]
  anchor    glide-converged miss=  5.8mm d=(+1.5,+3.2,-4.6) base_link=(+0.1148,+0.3236) yaw=+0.018 | x 0.8390..0.8590 ( 20.0) y -0.0222..0.0084 (30.7) z 0.0009..0.1101
  anchored: free end (u+0.0571,v-0.0095) from 322 board points, want (u+0.0560,v+0.0000) -> miss (-1.1,+9.5) mm
  .. anchor lateral miss +9.5 mm trips the 4 mm gate with retries left; peeling and re-landing instead of burning the draw
  retrying the touchdown from clamp (u+0.0399,v-0.0047)
  relift0   pad=(0.8423,-0.0075,0.2300) miss=  0.9mm d=(+0.0,+0.4,+0.8) q_err=0.008(j1) ik=0mm corr=(+2,+3,+3) base=(0.558,0.283,0.501) | x 0.8409..0.8596 ( 18.7) y -0.0127..0.0190 (31.6) z 0.1164..0.2309
            base_link=(+0.1157,+0.3249,+0.0000) yaw=+0.01838  spine=2e-05
  base parked at (+0.1157,+0.3249) yaw=+0.018, err 16.5 mm (locked)
  [arm base [0.5587 0.2847 0.5009]]
  anchor1   glide-converged miss=  4.2mm d=(+0.4,+0.6,-4.1) base_link=(+0.1143,+0.3228) yaw=+0.022 | x 0.8401..0.8595 ( 19.3) y -0.0125..0.0183 (30.8) z 0.0009..0.1101
  anchored: free end (u+0.0569,v+0.0000) from 322 board points, want (u+0.0560,v+0.0000) -> miss (-0.9,-0.0) mm
  arc80     glide-converged miss=  2.9mm d=(-1.6,-0.1,+2.4) base_link=(+0.1144,+0.3231) yaw=+0.022 | x 0.8236..0.8567 ( 33.1) y -0.0124..0.0121 (24.5) z 0.0014..0.1092
  arc70     glide-converged miss=  2.5mm d=(-1.9,+1.5,+0.7) base_link=(+0.1142,+0.3227) yaw=+0.022 | x 0.8056..0.8548 ( 49.3) y -0.0128..0.0109 (23.7) z 0.0019..0.1053
  arc60     glide-converged miss=  3.5mm d=(-3.4,+0.8,-0.3) base_link=(+0.1143,+0.3229) yaw=+0.022 | x 0.7887..0.8533 ( 64.6) y -0.0134..0.0118 (25.2) z 0.0019..0.0976
  arc50     glide-converged miss=  2.0mm d=(-1.7,+1.0,-0.3) base_link=(+0.1143,+0.3228) yaw=+0.022 | x 0.7723..0.8495 ( 77.2) y -0.0138..0.0118 (25.6) z 0.0025..0.0869
  arc40     glide-converged miss=  2.1mm d=(-1.6,+0.9,-1.0) base_link=(+0.1143,+0.3228) yaw=+0.022 | x 0.7582..0.8471 ( 88.8) y -0.0143..0.0118 (26.1) z 0.0024..0.0730
  arc32     glide-converged miss=  4.7mm d=(-2.8,+0.1,-3.8) base_link=(+0.1144,+0.3230) yaw=+0.023 | x 0.7519..0.8465 ( 94.5) y -0.0140..0.0128 (26.8) z 0.0024..0.0645
  arc release point (30 deg) reached; dropping the rest from here
  tray-lay: part-opened at z=0.060; paying the tail out | x 0.7665..0.8467 ( 80.1) y -0.0157..0.0373 (53.1) z 0.0010..0.0532
  tray-lay: ramped to (x 0.7272, z 0.037) | x 0.7671..0.8466 ( 79.5) y -0.0161..0.0369 (52.9) z 0.0011..0.0535
  released in place | x 0.7601..0.8467 ( 86.6) y -0.0170..0.0403 (57.3) z 0.0002..0.0126
  [arm base [0.5889 0.3428 0.505 ]]
  slid off the strip end | x 0.7603..0.8467 ( 86.4) y -0.0173..0.0394 (56.7) z -0.0001..0.0123
  slow shed to z=0.067 | x 0.7602..0.8467 ( 86.5) y -0.0174..0.0390 (56.4) z -0.0001..0.0123
  slow shed to z=0.097 | x 0.7601..0.8467 ( 86.6) y -0.0174..0.0389 (56.3) z -0.0000..0.0122
  jaws full-open at z=0.097 (slot un-threaded) | x 0.7601..0.8467 ( 86.6) y -0.0174..0.0389 (56.3) z -0.0000..0.0122
  slow shed to z=0.127 | x 0.7411..0.8233 ( 82.2) y -0.0038..0.0711 (74.9) z -0.0001..0.0058
  !! shed TOWED the strip 31 mm (-21,+23)
  sidestep tow-gate: pad centroid moved 13 mm after +41 mm; stopping the sidestep here
  sidestep +41 mm toward the base at z=0.127 (TOWED 13 mm!) | x 0.7406..0.8227 ( 82.0) y -0.0040..0.0966 (100.5) z 0.0001..0.0145
  guard climb to z=0.157 | x 0.7352..0.8225 ( 87.2) y -0.0041..0.0982 (102.3) z 0.0001..0.0038
  guard climb to z=0.187 | x 0.7352..0.8225 ( 87.2) y -0.0042..0.0982 (102.4) z 0.0001..0.0038
  guard climb to z=0.217 | x 0.7352..0.8225 ( 87.2) y -0.0042..0.0982 (102.4) z 0.0001..0.0038
  lifted straight to z=0.230 | x 0.7352..0.8225 ( 87.2) y -0.0042..0.0982 (102.4) z 0.0001..0.0038

final strip: x 0.7352..0.8225 ( 87.2) y -0.0042..0.0982 (102.4) z 0.0001..0.0038
target AABB x 0.7425..0.8625, y -0.0128..+0.0072 (yaw +0.0 deg)
final target AABB px (578.3,312.6,653.3,325.4)
crude bbox IoU estimate 0.087
-- live loose target bbox (291, 319, 564, 639) outranks the chain's tracked (313, 325, 578, 653) (plate moved post-track)
-- attempt 22: official evaluate both_liner_dominant, raw IoU 0.3803
-- ladder horizon: 30 attempts (wall budget binds before the 36-attempt cap)
== official_run: accepting gated IoU 0.3803; scene left in its scored state ==
